address,suburb,postcode,property_type,beds,baths,parking,land_size_m2,sold_price,sold_date,sale_method,source_site,source_url,total_rooms,bath_per_bed,has_land_data,log_land_size,land_per_bed,has_parking,months_since_start,is_auction
40 Stephen Street,Blacktown,2148,House,5,3,3,338.0,1350000.0,2026-09-17,Private treaty,domain.com.au,https://www.domain.com.au/sold-listings/blacktown-nsw-2148/,8,0.6,1,5.82600010738045,67.6,1,3.75,0
1 Huntley Drive,Blacktown,2148,Townhouse,3,2,1,,765000.0,2026-09-16,Private treaty,domain.com.au,https://www.domain.com.au/sold-listings/blacktown-nsw-2148/,5,0.6666666666666666,0,0.0,0.0,1,3.71,0
25/8-10 Fourth Avenue,Blacktown,2148,Apartment,2,1,1,,415000.0,2026-09-16,Private treaty,domain.com.au,https://www.domain.com.au/sold-listings/blacktown-nsw-2148/,3,0.5,0,0.0,0.0,1,3.71,0
17 St Pauls Way,Blacktown,2148,Townhouse,3,2,1,,828000.0,2026-09-15,Private treaty,domain.com.au,https://www.domain.com.au/sold-listings/blacktown-nsw-2148/,5,0.6666666666666666,0,0.0,0.0,1,3.68,0
3/130 Newton Road,Blacktown,2148,Townhouse,2,1,1,,700000.0,2026-09-14,Private treaty,domain.com.au,https://www.domain.com.au/sold-listings/blacktown-nsw-2148/,3,0.5,0,0.0,0.0,1,3.65,0
4 & 4A Joseph Street,Blacktown,2148,House,5,2,5,713.0,1340000.0,2026-09-14,Private treaty,domain.com.au,https://www.domain.com.au/sold-listings/blacktown-nsw-2148/,7,0.4,1,6.570882962339584,142.6,1,3.65,0
3/28 Frederick Street,Blacktown,2148,Townhouse,2,1,1,,732500.0,2026-09-14,Private treaty,domain.com.au,https://www.domain.com.au/sold-listings/blacktown-nsw-2148/,3,0.5,0,0.0,0.0,1,3.65,0
42 Burke Street,Blacktown,2148,House,5,3,6,,1260000.0,2026-09-11,Private treaty,domain.com.au,https://www.domain.com.au/sold-listings/blacktown-nsw-2148/,8,0.6,0,0.0,0.0,1,3.55,0
20/5-9 Fourth Avenue,Blacktown,2148,Apartment,2,1,1,,441000.0,2026-09-10,Private treaty,domain.com.au,https://www.domain.com.au/sold-listings/blacktown-nsw-2148/,3,0.5,0,0.0,0.0,1,3.52,0
36/2-4 Fourth Avenue,Blacktown,2148,Apartment,2,1,1,,415000.0,2026-09-10,Private treaty,domain.com.au,https://www.domain.com.au/sold-listings/blacktown-nsw-2148/,3,0.5,0,0.0,0.0,1,3.52,0
13/8-18 Wallace Street,Blacktown,2148,Apartment,2,2,1,,463000.0,2026-09-09,Private treaty,domain.com.au,https://www.domain.com.au/sold-listings/blacktown-nsw-2148/,4,1.0,0,0.0,0.0,1,3.48,0
9 Cardiff Street,Blacktown,2148,House,5,2,2,556.0,1089000.0,2026-09-08,Private treaty,domain.com.au,https://www.domain.com.au/sold-listings/blacktown-nsw-2148/,7,0.4,1,6.322565239927284,111.2,1,3.45,0
52 Balmoral Street,Blacktown,2148,House,4,1,1,696.0,1300000.0,2026-09-08,Private treaty,domain.com.au,https://www.domain.com.au/sold-listings/blacktown-nsw-2148/,5,0.25,1,6.546785410760524,174.0,1,3.45,0
9 Kirkman Road,Blacktown,2148,House,4,1,2,638.0,1070000.0,2026-09-03,Sold prior to auction,domain.com.au,https://www.domain.com.au/sold-listings/blacktown-nsw-2148/,5,0.25,1,6.459904454377535,159.5,1,3.29,1
11/130 Main Street,Blacktown,2148,Apartment,1,1,1,,375000.0,2026-09-02,Private treaty,domain.com.au,https://www.domain.com.au/sold-listings/blacktown-nsw-2148/,2,1.0,0,0.0,0.0,1,3.25,0
17 Carinya Street,Blacktown,2148,House,3,1,1,1182.0,1600000.0,2026-09-01,Private treaty,domain.com.au,https://www.domain.com.au/sold-listings/blacktown-nsw-2148/,4,0.3333333333333333,1,7.075808863978387,394.0,1,3.22,0
1103/5 Second Avenue,Blacktown,2148,Apartment,2,2,1,,420000.0,2026-09-01,Private treaty,domain.com.au,https://www.domain.com.au/sold-listings/blacktown-nsw-2148/,4,1.0,0,0.0,0.0,1,3.22,0
38-38A Burrell Parade,Blacktown,2148,House,5,3,4,563.0,1480000.0,2026-08-28,Private treaty,domain.com.au,https://www.domain.com.au/sold-listings/blacktown-nsw-2148/,8,0.6,1,6.335054251498059,112.6,1,3.09,0
73/31 Third Avenue,Blacktown,2148,Apartment,2,2,1,,452000.0,2026-08-26,Private treaty,domain.com.au,https://www.domain.com.au/sold-listings/blacktown-nsw-2148/,4,1.0,0,0.0,0.0,1,3.02,0
19 Stephen Street,Blacktown,2148,House,3,1,1,575.0,1062500.0,2026-08-26,Private treaty,domain.com.au,https://www.domain.com.au/sold-listings/blacktown-nsw-2148/,4,0.3333333333333333,1,6.3561076606958915,191.66666666666666,1,3.02,0
39 Burke Street,Blacktown,2148,House,5,3,2,,1500000.0,2026-08-26,Private treaty,domain.com.au,https://www.domain.com.au/sold-listings/blacktown-nsw-2148/?page=2,8,0.6,0,0.0,0.0,1,3.02,0
7/45 Lyton Street,Blacktown,2148,Townhouse,2,2,1,,805000.0,2026-08-25,Private treaty,domain.com.au,https://www.domain.com.au/sold-listings/blacktown-nsw-2148/?page=2,4,1.0,0,0.0,0.0,1,2.99,0
6 Fringe Glade,Blacktown,2148,Townhouse,2,2,1,,790000.0,2026-08-24,Private treaty,domain.com.au,https://www.domain.com.au/sold-listings/blacktown-nsw-2148/?page=2,4,1.0,0,0.0,0.0,1,2.96,0
903/5 Second Avenue,Blacktown,2148,Apartment,3,2,2,,600000.0,2026-08-24,Private treaty,domain.com.au,https://www.domain.com.au/sold-listings/blacktown-nsw-2148/?page=2,5,0.6666666666666666,0,0.0,0.0,1,2.96,0
13 Lancaster Street,Blacktown,2148,House,7,4,6,739.0,1900000.0,2026-08-22,Auction,domain.com.au,https://www.domain.com.au/sold-listings/blacktown-nsw-2148/?page=2,11,0.5714285714285714,1,6.606650186198215,105.57142857142857,1,2.89,1
17/3-5 Bruce Street,Blacktown,2148,Apartment,2,2,1,,481000.0,2026-08-21,Private treaty,domain.com.au,https://www.domain.com.au/sold-listings/blacktown-nsw-2148/?page=2,4,1.0,0,0.0,0.0,1,2.86,0
79/21-29 Third Avenue,Blacktown,2148,Apartment,2,2,1,,435000.0,2026-08-21,Private treaty,domain.com.au,https://www.domain.com.au/sold-listings/blacktown-nsw-2148/?page=2,4,1.0,0,0.0,0.0,1,2.86,0
6 Garden Street,Blacktown,2148,House,4,2,6,556.0,1235000.0,2026-08-20,Private treaty,domain.com.au,https://www.domain.com.au/sold-listings/blacktown-nsw-2148/?page=2,6,0.5,1,6.322565239927284,139.0,1,2.83,0
41/25 Mantaka Street,Blacktown,2148,Apartment,2,1,1,,435000.0,2026-08-20,Private treaty,domain.com.au,https://www.domain.com.au/sold-listings/blacktown-nsw-2148/?page=2,3,0.5,0,0.0,0.0,1,2.83,0
41 Dagmar Crescent,Blacktown,2148,House,3,1,2,569.0,880000.0,2026-08-18,Private treaty,domain.com.au,https://www.domain.com.au/sold-listings/blacktown-nsw-2148/?page=2,4,0.3333333333333333,1,6.345636360828596,189.66666666666666,1,2.76,0
94 Lancelot Street,Blacktown,2148,House,3,1,1,562.0,950000.0,2026-08-18,Private treaty,domain.com.au,https://www.domain.com.au/sold-listings/blacktown-nsw-2148/?page=2,4,0.3333333333333333,1,6.333279628139691,187.33333333333334,1,2.76,0
69/25 Mantaka Street,Blacktown,2148,Apartment,2,1,1,,419000.0,2026-08-17,Private treaty,domain.com.au,https://www.domain.com.au/sold-listings/blacktown-nsw-2148/?page=2,3,0.5,0,0.0,0.0,1,2.73,0
41 Anthony Street,Blacktown,2148,House,3,1,1,,910000.0,2026-08-17,Private treaty,domain.com.au,https://www.domain.com.au/sold-listings/blacktown-nsw-2148/?page=2,4,0.3333333333333333,0,0.0,0.0,1,2.73,0
36/130 Main Street,Blacktown,2148,Apartment,2,2,1,,443000.0,2026-08-17,Private treaty,domain.com.au,https://www.domain.com.au/sold-listings/blacktown-nsw-2148/?page=2,4,1.0,0,0.0,0.0,1,2.73,0
45 & 45a Dina Beth Avenue,Blacktown,2148,House,5,2,4,,1250000.0,2026-08-14,Private treaty,domain.com.au,https://www.domain.com.au/sold-listings/blacktown-nsw-2148/?page=2,7,0.4,0,0.0,0.0,1,2.63,0
2/31 Third Avenue,Blacktown,2148,Apartment,1,1,1,,380000.0,2026-08-13,Private treaty,domain.com.au,https://www.domain.com.au/sold-listings/blacktown-nsw-2148/?page=2,2,1.0,0,0.0,0.0,1,2.6,0
28 Eggleton Street,Blacktown,2148,House,3,1,2,866.0,1263000.0,2026-08-13,Private treaty,domain.com.au,https://www.domain.com.au/sold-listings/blacktown-nsw-2148/?page=2,4,0.3333333333333333,1,6.7650389767805414,288.6666666666667,1,2.6,0
12 Glamorgan Street,Blacktown,2148,House,3,1,1,556.0,1030000.0,2026-08-11,Private treaty,domain.com.au,https://www.domain.com.au/sold-listings/blacktown-nsw-2148/?page=2,4,0.3333333333333333,1,6.322565239927284,185.33333333333334,1,2.53,0
307/11-13 Clifton Street,Blacktown,2148,Apartment,2,2,1,,575000.0,2026-08-11,Private treaty,domain.com.au,https://www.domain.com.au/sold-listings/blacktown-nsw-2148/?page=2,4,1.0,0,0.0,0.0,1,2.53,0
15/25 Kildare Road,Blacktown,2148,Apartment,2,1,1,,460000.0,2026-08-11,Private treaty,domain.com.au,https://www.domain.com.au/sold-listings/blacktown-nsw-2148/?page=3,3,0.5,0,0.0,0.0,1,2.53,0
41 Burrell Parade,Blacktown,2148,House,3,1,2,556.0,960000.0,2026-08-11,Private treaty,domain.com.au,https://www.domain.com.au/sold-listings/blacktown-nsw-2148/?page=3,4,0.3333333333333333,1,6.322565239927284,185.33333333333334,1,2.53,0
57 Walters Road,Blacktown,2148,House,3,1,1,835.0,1221000.0,2026-08-08,Auction,domain.com.au,https://www.domain.com.au/sold-listings/blacktown-nsw-2148/?page=3,4,0.3333333333333333,1,6.728628613084702,278.3333333333333,1,2.43,1
59 Walters Road,Blacktown,2148,House,3,1,1,562.0,900000.0,2026-08-08,Auction,domain.com.au,https://www.domain.com.au/sold-listings/blacktown-nsw-2148/?page=3,4,0.3333333333333333,1,6.333279628139691,187.33333333333334,1,2.43,1
29/17-19 Third Avenue,Blacktown,2148,Apartment,2,1,1,,455000.0,2026-08-07,Private treaty,domain.com.au,https://www.domain.com.au/sold-listings/blacktown-nsw-2148/?page=3,3,0.5,0,0.0,0.0,1,2.4,0
4/313 Flushcombe Road,Blacktown,2148,Townhouse,3,2,2,,920000.0,2026-08-05,Private treaty,domain.com.au,https://www.domain.com.au/sold-listings/blacktown-nsw-2148/?page=3,5,0.6666666666666666,0,0.0,0.0,1,2.33,0
12 Siebel Street,Blacktown,2148,House,5,2,1,560.0,1080000.0,2026-08-05,Private treaty,domain.com.au,https://www.domain.com.au/sold-listings/blacktown-nsw-2148/?page=3,7,0.4,1,6.329720905522696,112.0,1,2.33,0
12/15 Devitt Street,Blacktown,2148,Apartment,2,1,1,,465000.0,2026-08-03,Private treaty,domain.com.au,https://www.domain.com.au/sold-listings/blacktown-nsw-2148/?page=3,3,0.5,0,0.0,0.0,1,2.27,0
59 Lancaster Street,Blacktown,2148,House,3,2,3,600.0,900000.0,2026-07-31,Private treaty,domain.com.au,https://www.domain.com.au/sold-listings/blacktown-nsw-2148/?page=3,5,0.6666666666666666,1,6.398594934535208,200.0,1,2.17,0
19 Leonard Street,Blacktown,2148,House,3,2,3,543.0,927000.0,2026-07-30,Sold prior to auction,domain.com.au,https://www.domain.com.au/sold-listings/blacktown-nsw-2148/?page=3,5,0.6666666666666666,1,6.298949246855942,181.0,1,2.14,1
53-53A Pelleas Street,Blacktown,2148,House,7,4,2,584.0,1700000.0,2026-07-29,Auction,domain.com.au,https://www.domain.com.au/sold-listings/blacktown-nsw-2148/?page=3,11,0.5714285714285714,1,6.371611847231857,83.42857142857143,1,2.1,1
301/10 Carinya Street,Blacktown,2148,Apartment,2,2,1,,590000.0,2026-07-28,Private treaty,domain.com.au,https://www.domain.com.au/sold-listings/blacktown-nsw-2148/?page=3,4,1.0,0,0.0,0.0,1,2.07,0
9 Nicholas Street,Blacktown,2148,House,5,2,1,550.0,1200000.0,2026-07-28,Private treaty,domain.com.au,https://www.domain.com.au/sold-listings/blacktown-nsw-2148/?page=3,7,0.4,1,6.311734809152915,110.0,1,2.07,0
3 Bridge View Street,Blacktown,2148,House,5,2,2,803.0,1200000.0,2026-07-27,Private treaty,domain.com.au,https://www.domain.com.au/sold-listings/blacktown-nsw-2148/?page=3,7,0.4,1,6.6895992691789665,160.6,1,2.04,0
25 Virginia Street,Blacktown,2148,House,4,1,3,,1120000.0,2026-07-26,Auction,domain.com.au,https://www.domain.com.au/sold-listings/blacktown-nsw-2148/?page=3,5,0.25,0,0.0,0.0,1,2.0,1
11-11a Virginia Street,Blacktown,2148,House,4,2,2,588.0,1075000.0,2026-07-25,Auction,domain.com.au,https://www.domain.com.au/sold-listings/blacktown-nsw-2148/?page=3,6,0.5,1,6.3784261836515865,147.0,1,1.97,1
25 Dagmar Crescent,Blacktown,2148,House,4,2,1,600.0,992500.0,2026-07-25,Auction,domain.com.au,https://www.domain.com.au/sold-listings/blacktown-nsw-2148/?page=3,6,0.5,1,6.398594934535208,150.0,1,1.97,1
4/44-50 Thomas Street,Parramatta,2150,Townhouse,2,1,1,,720000.0,2026-09-16,Private treaty,domain.com.au,https://www.domain.com.au/sold-listings/parramatta-nsw-2150/,3,0.5,0,0.0,0.0,1,3.71,0
2315/45 Macquarie Street,Parramatta,2150,Apartment,2,2,1,,640000.0,2026-09-16,Private treaty,domain.com.au,https://www.domain.com.au/sold-listings/parramatta-nsw-2150/,4,1.0,0,0.0,0.0,1,3.71,0
1/3 Stewart Street,Parramatta,2150,Apartment,2,1,1,,570000.0,2026-09-16,Private treaty,domain.com.au,https://www.domain.com.au/sold-listings/parramatta-nsw-2150/,3,0.5,0,0.0,0.0,1,3.71,0
641/180 George Street,Parramatta,2150,Apartment,2,1,0,,600000.0,2026-09-16,Private treaty,domain.com.au,https://www.domain.com.au/sold-listings/parramatta-nsw-2150/,3,0.5,0,0.0,0.0,0,3.71,0
610/36-46 Cowper Street,Parramatta,2150,Apartment,2,2,1,,575000.0,2026-09-14,Private treaty,domain.com.au,https://www.domain.com.au/sold-listings/parramatta-nsw-2150/,4,1.0,0,0.0,0.0,1,3.65,0
2/16 Betts Street,Parramatta,2150,Apartment,2,1,1,,660000.0,2026-09-12,Private treaty,domain.com.au,https://www.domain.com.au/sold-listings/parramatta-nsw-2150/,3,0.5,0,0.0,0.0,1,3.58,0
1404/1-3 Valentine Avenue,Parramatta,2150,Apartment,1,1,0,,320000.0,2026-09-11,Private treaty,domain.com.au,https://www.domain.com.au/sold-listings/parramatta-nsw-2150/,2,1.0,0,0.0,0.0,0,3.55,0
820K/2 Morton Street,Parramatta,2150,Apartment,2,2,1,,650000.0,2026-09-11,Private treaty,domain.com.au,https://www.domain.com.au/sold-listings/parramatta-nsw-2150/,4,1.0,0,0.0,0.0,1,3.55,0
15/12 Early Street,Parramatta,2150,Apartment,2,1,1,,493000.0,2026-09-11,Private treaty,domain.com.au,https://www.domain.com.au/sold-listings/parramatta-nsw-2150/,3,0.5,0,0.0,0.0,1,3.55,0
33/68 Great Western Highway,Parramatta,2150,Apartment,2,1,1,,520000.0,2026-09-11,Private treaty,domain.com.au,https://www.domain.com.au/sold-listings/parramatta-nsw-2150/,3,0.5,0,0.0,0.0,1,3.55,0
505/23 Hassall Street,Parramatta,2150,Apartment,2,2,1,,660000.0,2026-09-09,Private treaty,domain.com.au,https://www.domain.com.au/sold-listings/parramatta-nsw-2150/,4,1.0,0,0.0,0.0,1,3.48,0
89/459-463 Church Street,Parramatta,2150,Apartment,2,2,1,,580000.0,2026-09-04,Private treaty,domain.com.au,https://www.domain.com.au/sold-listings/parramatta-nsw-2150/,4,1.0,0,0.0,0.0,1,3.32,0
8/64-66 Great Western Highway,Parramatta,2150,Apartment,1,1,1,,425000.0,2026-09-04,Private treaty,domain.com.au,https://www.domain.com.au/sold-listings/parramatta-nsw-2150/,2,1.0,0,0.0,0.0,1,3.32,0
1702/45 Macquarie Street,Parramatta,2150,Apartment,2,2,1,,705000.0,2026-09-04,Private treaty,domain.com.au,https://www.domain.com.au/sold-listings/parramatta-nsw-2150/,4,1.0,0,0.0,0.0,1,3.32,0
10/4 Peace Lane,Parramatta,2150,Apartment,2,2,1,,570000.0,2026-09-03,Private treaty,domain.com.au,https://www.domain.com.au/sold-listings/parramatta-nsw-2150/?page=2,4,1.0,0,0.0,0.0,1,3.29,0
505/330 Church Street,Parramatta,2150,Apartment,2,2,1,,700000.0,2026-09-03,Private treaty,domain.com.au,https://www.domain.com.au/sold-listings/parramatta-nsw-2150/?page=2,4,1.0,0,0.0,0.0,1,3.29,0
9/178 George Street,Parramatta,2150,Apartment,1,1,0,,490000.0,2026-09-01,Private treaty,domain.com.au,https://www.domain.com.au/sold-listings/parramatta-nsw-2150/?page=2,2,1.0,0,0.0,0.0,0,3.22,0
3/23 Good Street,Parramatta,2150,Apartment,2,1,1,,569000.0,2026-08-31,Private treaty,domain.com.au,https://www.domain.com.au/sold-listings/parramatta-nsw-2150/?page=2,3,0.5,0,0.0,0.0,1,3.19,0
17/10-12 Thomas Street,Parramatta,2150,Apartment,2,1,1,,650000.0,2026-08-31,Private treaty,domain.com.au,https://www.domain.com.au/sold-listings/parramatta-nsw-2150/?page=2,3,0.5,0,0.0,0.0,1,3.19,0
401/6 River Road West,Parramatta,2150,Apartment,2,2,1,,540000.0,2026-08-30,Private treaty,domain.com.au,https://www.domain.com.au/sold-listings/parramatta-nsw-2150/?page=2,4,1.0,0,0.0,0.0,1,3.15,0
1403/1-3 Valentine Avenue,Parramatta,2150,Apartment,1,1,1,,355000.0,2026-08-28,Private treaty,domain.com.au,https://www.domain.com.au/sold-listings/parramatta-nsw-2150/?page=2,2,1.0,0,0.0,0.0,1,3.09,0
1201/45 Macquarie Street,Parramatta,2150,Apartment,1,1,1,,566000.0,2026-08-28,Private treaty,domain.com.au,https://www.domain.com.au/sold-listings/parramatta-nsw-2150/?page=2,2,1.0,0,0.0,0.0,1,3.09,0
5/30-32 Queens Avenue,Parramatta,2150,Apartment,2,1,1,,680000.0,2026-08-28,Private treaty,domain.com.au,https://www.domain.com.au/sold-listings/parramatta-nsw-2150/?page=2,3,0.5,0,0.0,0.0,1,3.09,0
11/32 Hassall Street,Parramatta,2150,Apartment,2,2,1,,590000.0,2026-08-28,Private treaty,domain.com.au,https://www.domain.com.au/sold-listings/parramatta-nsw-2150/?page=2,4,1.0,0,0.0,0.0,1,3.09,0
C26/88-98 Marsden Street,Parramatta,2150,Apartment,2,2,1,,552000.0,2026-08-27,Private treaty,domain.com.au,https://www.domain.com.au/sold-listings/parramatta-nsw-2150/?page=2,4,1.0,0,0.0,0.0,1,3.06,0
15/1 Good Street,Parramatta,2150,Apartment,2,1,1,,480000.0,2026-08-27,Private treaty,domain.com.au,https://www.domain.com.au/sold-listings/parramatta-nsw-2150/?page=2,3,0.5,0,0.0,0.0,1,3.06,0
1417/32 Hunter Street,Parramatta,2150,Apartment,1,1,1,,560000.0,2026-08-25,Private treaty,domain.com.au,https://www.domain.com.au/sold-listings/parramatta-nsw-2150/?page=2,2,1.0,0,0.0,0.0,1,2.99,0
907/6-10 Charles Street,Parramatta,2150,Apartment,3,2,1,,720000.0,2026-08-25,Private treaty,domain.com.au,https://www.domain.com.au/sold-listings/parramatta-nsw-2150/?page=2,5,0.6666666666666666,0,0.0,0.0,1,2.99,0
16L/15 Campbell Street,Parramatta,2150,Apartment,1,1,1,,405000.0,2026-08-25,Auction,domain.com.au,https://www.domain.com.au/sold-listings/parramatta-nsw-2150/?page=3,2,1.0,0,0.0,0.0,1,2.99,1
D603/1 Broughton Street,Parramatta,2150,Apartment,2,2,1,,680000.0,2026-08-25,Private treaty,domain.com.au,https://www.domain.com.au/sold-listings/parramatta-nsw-2150/?page=3,4,1.0,0,0.0,0.0,1,2.99,0
805/21 Hassall Street,Parramatta,2150,Apartment,1,1,0,,410000.0,2026-08-24,Private treaty,domain.com.au,https://www.domain.com.au/sold-listings/parramatta-nsw-2150/?page=3,2,1.0,0,0.0,0.0,0,2.96,0
108/125-129 Arthur Street,Parramatta,2150,Apartment,2,1,1,,653000.0,2026-08-21,Private treaty,domain.com.au,https://www.domain.com.au/sold-listings/parramatta-nsw-2150/?page=3,3,0.5,0,0.0,0.0,1,2.86,0
219/88 Church Street,Parramatta,2150,Apartment,1,1,1,,600000.0,2026-08-21,Private treaty,domain.com.au,https://www.domain.com.au/sold-listings/parramatta-nsw-2150/?page=3,2,1.0,0,0.0,0.0,1,2.86,0
41/3 Good Street,Parramatta,2150,Apartment,2,2,1,,641000.0,2026-08-21,Private treaty,domain.com.au,https://www.domain.com.au/sold-listings/parramatta-nsw-2150/?page=3,4,1.0,0,0.0,0.0,1,2.86,0
1502/88 Church Street,Parramatta,2150,Apartment,2,2,1,,800000.0,2026-08-21,Private treaty,domain.com.au,https://www.domain.com.au/sold-listings/parramatta-nsw-2150/?page=3,4,1.0,0,0.0,0.0,1,2.86,0
11/22-24 Tennyson Street,Parramatta,2150,Apartment,2,2,1,,650000.0,2026-08-17,Private treaty,domain.com.au,https://www.domain.com.au/sold-listings/parramatta-nsw-2150/?page=3,4,1.0,0,0.0,0.0,1,2.73,0
721/1-3 Valentine Avenue,Parramatta,2150,Apartment,0,1,0,,250000.0,2026-08-17,Private treaty,domain.com.au,https://www.domain.com.au/sold-listings/parramatta-nsw-2150/?page=3,1,1.0,0,0.0,0.0,0,2.73,0
138 Railway Street,Parramatta,2150,Townhouse,2,1,1,,685000.0,2026-08-14,Private treaty,domain.com.au,https://www.domain.com.au/sold-listings/parramatta-nsw-2150/?page=3,3,0.5,0,0.0,0.0,1,2.63,0
53/20 Victoria Road,Parramatta,2150,Apartment,2,2,1,,640000.0,2026-08-13,Private treaty,domain.com.au,https://www.domain.com.au/sold-listings/parramatta-nsw-2150/?page=3,4,1.0,0,0.0,0.0,1,2.6,0
5/5 Thomas Street,Parramatta,2150,Apartment,2,1,1,,530000.0,2026-08-12,Private treaty,domain.com.au,https://www.domain.com.au/sold-listings/parramatta-nsw-2150/?page=4,3,0.5,0,0.0,0.0,1,2.56,0
2/1-7 Bobart Street,Parramatta,2150,Townhouse,2,1,1,,780000.0,2026-08-12,Auction,domain.com.au,https://www.domain.com.au/sold-listings/parramatta-nsw-2150/?page=4,3,0.5,0,0.0,0.0,1,2.56,1
3637/180 George Street,Parramatta,2150,Apartment,1,1,0,,623000.0,2026-08-12,Private treaty,domain.com.au,https://www.domain.com.au/sold-listings/parramatta-nsw-2150/?page=4,2,1.0,0,0.0,0.0,0,2.56,0
33 Rosehill Street,Parramatta,2150,House,4,1,1,691.0,2080000.0,2026-08-08,Private treaty,domain.com.au,https://www.domain.com.au/sold-listings/parramatta-nsw-2150/?page=4,5,0.25,1,6.539585955617669,172.75,1,2.43,0
4/39 Great Western Highway,Parramatta,2150,Apartment,2,1,1,,560000.0,2026-08-07,Private treaty,domain.com.au,https://www.domain.com.au/sold-listings/parramatta-nsw-2150/?page=4,3,0.5,0,0.0,0.0,1,2.4,0
C19/88 Marsden Street,Parramatta,2150,Apartment,2,2,1,,520000.0,2026-08-07,Private treaty,domain.com.au,https://www.domain.com.au/sold-listings/parramatta-nsw-2150/?page=4,4,1.0,0,0.0,0.0,1,2.4,0
1001/1A Morton Street,Parramatta,2150,Apartment,2,2,1,,635000.0,2026-08-07,Private treaty,domain.com.au,https://www.domain.com.au/sold-listings/parramatta-nsw-2150/?page=4,4,1.0,0,0.0,0.0,1,2.4,0
313/88 Vista Street,Mosman,2088,Apartment,2,1,0,,905000.0,2026-09-17,Private treaty,domain.com.au,https://www.domain.com.au/sold-listings/mosman-nsw-2088/,3,0.5,0,0.0,0.0,0,3.75,0
8/88 Avenue Road,Mosman,2088,Apartment,1,1,1,,730000.0,2026-09-12,Private treaty,domain.com.au,https://www.domain.com.au/sold-listings/mosman-nsw-2088/,2,1.0,0,0.0,0.0,1,3.58,0
7/10 Muston Street,Mosman,2088,Apartment,1,1,0,,750000.0,2026-09-08,Private treaty,domain.com.au,https://www.domain.com.au/sold-listings/mosman-nsw-2088/,2,1.0,0,0.0,0.0,0,3.45,0
13/5 The Esplanade,Mosman,2088,Apartment,1,1,0,,1450000.0,2026-09-03,Sold prior to auction,domain.com.au,https://www.domain.com.au/sold-listings/mosman-nsw-2088/,2,1.0,0,0.0,0.0,0,3.29,1
7/154 Raglan Street,Mosman,2088,Apartment,1,1,1,,785000.0,2026-07-14,Private treaty,domain.com.au,https://www.domain.com.au/sold-listings/mosman-nsw-2088/?page=4,2,1.0,0,0.0,0.0,1,1.61,0
1/128-130 Avenue Road,Mosman,2088,Apartment,2,1,1,,1415000.0,2026-07-14,Auction,domain.com.au,https://www.domain.com.au/sold-listings/mosman-nsw-2088/?page=4,3,0.5,0,0.0,0.0,1,1.61,1
8/6 Punch Street,Mosman,2088,Apartment,1,1,0,,700000.0,2026-07-09,Sold prior to auction,domain.com.au,https://www.domain.com.au/sold-listings/mosman-nsw-2088/?page=4,2,1.0,0,0.0,0.0,0,1.45,1
13/6 McLeod Street,Mosman,2088,Apartment,1,1,0,,762000.0,2026-07-09,Private treaty,domain.com.au,https://www.domain.com.au/sold-listings/mosman-nsw-2088/?page=4,2,1.0,0,0.0,0.0,0,1.45,0
20/96 Ourimbah Road,Mosman,2088,Apartment,2,1,1,,1030000.0,2026-07-07,Sold prior to auction,domain.com.au,https://www.domain.com.au/sold-listings/mosman-nsw-2088/?page=4,3,0.5,0,0.0,0.0,1,1.38,1
4/125 Raglan Street,Mosman,2088,Apartment,2,1,0,,990000.0,2026-07-07,Sold prior to auction,domain.com.au,https://www.domain.com.au/sold-listings/mosman-nsw-2088/?page=4,3,0.5,0,0.0,0.0,0,1.38,1
22/43 Musgrave Street,Mosman,2088,Apartment,2,1,1,,1310000.0,2026-07-03,Private treaty,domain.com.au,https://www.domain.com.au/sold-listings/mosman-nsw-2088/?page=4,3,0.5,0,0.0,0.0,1,1.25,0
22/96 Ourimbah Road,Mosman,2088,Apartment,2,1,1,,1025000.0,2026-07-03,Private treaty,domain.com.au,https://www.domain.com.au/sold-listings/mosman-nsw-2088/?page=4,3,0.5,0,0.0,0.0,1,1.25,0
3 Gordon Street,Mosman,2088,House,5,2,2,490.0,7650000.0,2026-07-02,Sold prior to auction,domain.com.au,https://www.domain.com.au/sold-listings/mosman-nsw-2088/?page=4,7,0.4,1,6.19644412779452,98.0,1,1.22,1
67 Cowles Road,Mosman,2088,House,4,2,0,,3225000.0,2026-07-02,Sold prior to auction,domain.com.au,https://www.domain.com.au/sold-listings/mosman-nsw-2088/?page=4,6,0.5,0,0.0,0.0,0,1.22,1
36 Lang Street,Mosman,2088,House,3,2,1,260.0,2865000.0,2026-07-02,Sold prior to auction,domain.com.au,https://www.domain.com.au/sold-listings/mosman-nsw-2088/?page=4,5,0.6666666666666666,1,5.564520407322694,86.66666666666667,1,1.22,1
21 Morella Road,Mosman,2088,House,4,4,2,,11650000.0,2026-07-01,Private treaty,domain.com.au,https://www.domain.com.au/sold-listings/mosman-nsw-2088/?page=4,8,1.0,0,0.0,0.0,1,1.18,0
31/2B Brady Street,Mosman,2088,Apartment,3,2,2,,1925000.0,2026-06-29,Private treaty,domain.com.au,https://www.domain.com.au/sold-listings/mosman-nsw-2088/?page=4,5,0.6666666666666666,0,0.0,0.0,1,1.12,0
9/6 Avenue Road,Mosman,2088,Apartment,0,1,1,,610000.0,2026-06-26,Private treaty,domain.com.au,https://www.domain.com.au/sold-listings/mosman-nsw-2088/?page=4,1,1.0,0,0.0,0.0,1,1.02,0
2/60A Raglan Street,Mosman,2088,Apartment,2,1,1,,1175000.0,2026-06-26,Private treaty,domain.com.au,https://www.domain.com.au/sold-listings/mosman-nsw-2088/?page=4,3,0.5,0,0.0,0.0,1,1.02,0
2/81A Glover Street,Mosman,2088,Apartment,2,2,1,,1440000.0,2026-06-25,Private treaty,domain.com.au,https://www.domain.com.au/sold-listings/mosman-nsw-2088/?page=4,4,1.0,0,0.0,0.0,1,0.99,0
3/13 Wyong Road,Mosman,2088,Apartment,2,2,1,,1750000.0,2026-06-22,Sold prior to auction,domain.com.au,https://www.domain.com.au/sold-listings/mosman-nsw-2088/?page=5,4,1.0,0,0.0,0.0,1,0.89,1
17 Avenue Road,Mosman,2088,House,5,3,2,,5450000.0,2026-06-19,Private treaty,domain.com.au,https://www.domain.com.au/sold-listings/mosman-nsw-2088/?page=5,8,0.6,0,0.0,0.0,1,0.79,0
5 Central Avenue,Mosman,2088,House,5,4,2,607.0,6399000.0,2026-06-19,Private treaty,domain.com.au,https://www.domain.com.au/sold-listings/mosman-nsw-2088/?page=5,9,0.8,1,6.410174881966167,121.4,1,0.79,0
8/4 Esther Road,Mosman,2088,Apartment,2,1,1,,1560000.0,2026-06-19,Auction,domain.com.au,https://www.domain.com.au/sold-listings/mosman-nsw-2088/?page=5,3,0.5,0,0.0,0.0,1,0.79,1
2/63 Muston Street,Mosman,2088,Apartment,4,3,3,,6000000.0,2026-06-18,Private treaty,domain.com.au,https://www.domain.com.au/sold-listings/mosman-nsw-2088/?page=5,7,0.75,0,0.0,0.0,1,0.76,0
2/184 Raglan Street,Mosman,2088,Apartment,2,1,1,,1237500.0,2026-06-17,Private treaty,domain.com.au,https://www.domain.com.au/sold-listings/mosman-nsw-2088/?page=5,3,0.5,0,0.0,0.0,1,0.72,0
5B/699 Military Road,Mosman,2088,Apartment,2,1,1,,1450000.0,2026-06-17,Sold prior to auction,domain.com.au,https://www.domain.com.au/sold-listings/mosman-nsw-2088/?page=5,3,0.5,0,0.0,0.0,1,0.72,1
15/3 Belmont Road,Mosman,2088,Apartment,2,2,1,,1760000.0,2026-06-12,Sold prior to auction,domain.com.au,https://www.domain.com.au/sold-listings/mosman-nsw-2088/?page=5,4,1.0,0,0.0,0.0,1,0.56,1
16/5 The Esplanade,Mosman,2088,Apartment,1,1,1,,1570000.0,2026-06-06,Auction,domain.com.au,https://www.domain.com.au/sold-listings/mosman-nsw-2088/?page=5,2,1.0,0,0.0,0.0,1,0.36,1
1/10 Lang Street,Mosman,2088,House,4,2,1,,3200000.0,2026-06-06,Private treaty,domain.com.au,https://www.domain.com.au/sold-listings/mosman-nsw-2088/?page=5,6,0.5,0,0.0,0.0,1,0.36,0
14 Almora Street,Mosman,2088,House,3,3,2,,5025000.0,2026-06-06,Auction,domain.com.au,https://www.domain.com.au/sold-listings/mosman-nsw-2088/?page=5,6,1.0,0,0.0,0.0,1,0.36,1
1/30 Hale Road,Mosman,2088,Townhouse,3,2,2,,2180000.0,2026-06-05,Private treaty,domain.com.au,https://www.domain.com.au/sold-listings/mosman-nsw-2088/?page=5,5,0.6666666666666666,0,0.0,0.0,1,0.33,0
2 Morella Road,Mosman,2088,House,5,4,4,594.0,7360000.0,2026-06-05,Private treaty,domain.com.au,https://www.domain.com.au/sold-listings/mosman-nsw-2088/?page=5,9,0.8,1,6.38856140554563,118.8,1,0.33,0
21/96 Ourimbah Road,Mosman,2088,Apartment,2,1,1,,900000.0,2026-06-05,Private treaty,domain.com.au,https://www.domain.com.au/sold-listings/mosman-nsw-2088/?page=5,3,0.5,0,0.0,0.0,1,0.33,0
105 Holt Avenue,Mosman,2088,House,4,3,0,,3550000.0,2026-06-05,Sold prior to auction,domain.com.au,https://www.domain.com.au/sold-listings/mosman-nsw-2088/?page=5,7,0.75,0,0.0,0.0,0,0.33,1
10/116 Belmont Road,Mosman,2088,Townhouse,3,2,2,,2380000.0,2026-06-05,Private treaty,domain.com.au,https://www.domain.com.au/sold-listings/mosman-nsw-2088/?page=6,5,0.6666666666666666,0,0.0,0.0,1,0.33,0
9/238 Raglan Street,Mosman,2088,Apartment,2,1,1,,1590000.0,2026-06-04,Auction,domain.com.au,https://www.domain.com.au/sold-listings/mosman-nsw-2088/?page=6,3,0.5,0,0.0,0.0,1,0.3,1
10/1 Hampden Street,Mosman,2088,Apartment,1,1,1,,825000.0,2026-06-04,Sold prior to auction,domain.com.au,https://www.domain.com.au/sold-listings/mosman-nsw-2088/?page=6,2,1.0,0,0.0,0.0,1,0.3,1
13/17-23 Heydon Street,Mosman,2088,Apartment,2,1,1,,1360000.0,2026-06-04,Private treaty,domain.com.au,https://www.domain.com.au/sold-listings/mosman-nsw-2088/?page=6,3,0.5,0,0.0,0.0,1,0.3,0
11 Euryalus Street,Mosman,2088,House,6,4,3,879.0,7260000.0,2026-06-04,Sold prior to auction,domain.com.au,https://www.domain.com.au/sold-listings/mosman-nsw-2088/?page=6,10,0.6666666666666666,1,6.779921907472252,146.5,1,0.3,1
3/1A Oswald Street,Mosman,2088,Apartment,2,1,0,,1140000.0,2026-06-04,Private treaty,domain.com.au,https://www.domain.com.au/sold-listings/mosman-nsw-2088/?page=6,3,0.5,0,0.0,0.0,0,0.3,0
96 Glover Street,Mosman,2088,House,4,3,2,379.0,3390000.0,2026-06-02,Auction,domain.com.au,https://www.domain.com.au/sold-listings/mosman-nsw-2088/?page=6,7,0.75,1,5.940171252720432,94.75,1,0.23,1
17/22 Mosman Street,Mosman,2088,Apartment,1,1,1,,827000.0,2026-06-01,Sold prior to auction,domain.com.au,https://www.domain.com.au/sold-listings/mosman-nsw-2088/?page=6,2,1.0,0,0.0,0.0,1,0.2,1
14 Calypso Avenue,Mosman,2088,House,4,2,2,,4820000.0,2026-05-30,Auction,domain.com.au,https://www.domain.com.au/sold-listings/mosman-nsw-2088/?page=6,6,0.5,0,0.0,0.0,1,0.13,1
6/800 Military Road,Mosman,2088,Townhouse,3,2,2,,2725000.0,2026-05-29,Private treaty,domain.com.au,https://www.domain.com.au/sold-listings/mosman-nsw-2088/?page=6,5,0.6666666666666666,0,0.0,0.0,1,0.1,0
28/9 Mandolong Road,Mosman,2088,Apartment,1,1,0,,800000.0,2026-05-29,Private treaty,domain.com.au,https://www.domain.com.au/sold-listings/mosman-nsw-2088/?page=6,2,1.0,0,0.0,0.0,0,0.1,0
4/2 Ida Avenue,Mosman,2088,Apartment,3,2,2,,4000000.0,2026-05-29,Private treaty,domain.com.au,https://www.domain.com.au/sold-listings/mosman-nsw-2088/?page=6,5,0.6666666666666666,0,0.0,0.0,1,0.1,0
1/31 Musgrave Street,Mosman,2088,Apartment,2,1,1,,2250000.0,2026-05-29,Sold prior to auction,domain.com.au,https://www.domain.com.au/sold-listings/mosman-nsw-2088/?page=6,3,0.5,0,0.0,0.0,1,0.1,1
2/182 Raglan Street,Mosman,2088,Apartment,2,1,1,,1275000.0,2026-05-29,Sold prior to auction,domain.com.au,https://www.domain.com.au/sold-listings/mosman-nsw-2088/?page=6,3,0.5,0,0.0,0.0,1,0.1,1
1 Bradleys Head Road,Mosman,2088,House,5,3,3,894.0,9400000.0,2026-05-28,Sold prior to auction,domain.com.au,https://www.domain.com.au/sold-listings/mosman-nsw-2088/?page=6,8,0.6,1,6.796823718274855,178.8,1,0.07,1
200 Spit Road,Mosman,2088,House,3,1,2,505.0,3350000.0,2026-05-27,Sold prior to auction,domain.com.au,https://www.domain.com.au/sold-listings/mosman-nsw-2088/?page=6,4,0.3333333333333333,1,6.226536669287466,168.33333333333334,1,0.03,1
12/22 Warringah Road,Mosman,2088,Apartment,1,1,1,,1030000.0,2026-05-26,Private treaty,domain.com.au,https://www.domain.com.au/sold-listings/mosman-nsw-2088/?page=6,2,1.0,0,0.0,0.0,1,0.0,0
