address,suburb,postcode,property_type,beds,baths,parking,land_size_m2,sold_price,sold_date,sale_method,source_site,source_url
40 Stephen Street,Blacktown,2148,House,5,3,3,338,1350000,2026-09-17,Private treaty,domain.com.au,https://www.domain.com.au/sold-listings/blacktown-nsw-2148/
1 Huntley Drive,Blacktown,2148,Townhouse,3,2,1,,765000,2026-09-16,Private treaty,domain.com.au,https://www.domain.com.au/sold-listings/blacktown-nsw-2148/
25/8-10 Fourth Avenue,Blacktown,2148,Apartment,2,1,1,109,415000,2026-09-16,Private treaty,domain.com.au,https://www.domain.com.au/sold-listings/blacktown-nsw-2148/
17 St Pauls Way,Blacktown,2148,Townhouse,3,2,1,,828000,2026-09-15,Private treaty,domain.com.au,https://www.domain.com.au/sold-listings/blacktown-nsw-2148/
3/130 Newton Road,Blacktown,2148,Townhouse,2,1,1,156,700000,2026-09-14,Private treaty,domain.com.au,https://www.domain.com.au/sold-listings/blacktown-nsw-2148/
4 & 4A Joseph Street,Blacktown,2148,House,5,2,5,713,1340000,2026-09-14,Private treaty,domain.com.au,https://www.domain.com.au/sold-listings/blacktown-nsw-2148/
3/28 Frederick Street,Blacktown,2148,Townhouse,2,1,1,,732500,2026-09-14,Private treaty,domain.com.au,https://www.domain.com.au/sold-listings/blacktown-nsw-2148/
42 Burke Street,Blacktown,2148,House,5,3,6,,1260000,2026-09-11,Private treaty,domain.com.au,https://www.domain.com.au/sold-listings/blacktown-nsw-2148/
20/5-9 Fourth Avenue,Blacktown,2148,Apartment,2,1,1,,441000,2026-09-10,Private treaty,domain.com.au,https://www.domain.com.au/sold-listings/blacktown-nsw-2148/
36/2-4 Fourth Avenue,Blacktown,2148,Apartment,2,1,1,3733,415000,2026-09-10,Private treaty,domain.com.au,https://www.domain.com.au/sold-listings/blacktown-nsw-2148/
13/8-18 Wallace Street,Blacktown,2148,Apartment,2,2,1,,463000,2026-09-09,Private treaty,domain.com.au,https://www.domain.com.au/sold-listings/blacktown-nsw-2148/
9 Cardiff Street,Blacktown,2148,House,5,2,2,556,1089000,2026-09-08,Private treaty,domain.com.au,https://www.domain.com.au/sold-listings/blacktown-nsw-2148/
52 Balmoral Street,Blacktown,2148,House,4,1,1,696,1300000,2026-09-08,Private treaty,domain.com.au,https://www.domain.com.au/sold-listings/blacktown-nsw-2148/
9 Kirkman Road,Blacktown,2148,House,4,1,2,638,1070000,2026-09-03,Sold prior to auction,domain.com.au,https://www.domain.com.au/sold-listings/blacktown-nsw-2148/
11/130 Main Street,Blacktown,2148,Apartment,1,1,1,,375000,2026-09-02,Private treaty,domain.com.au,https://www.domain.com.au/sold-listings/blacktown-nsw-2148/
17 Carinya Street,Blacktown,2148,House,3,1,1,1182,1600000,2026-09-01,Private treaty,domain.com.au,https://www.domain.com.au/sold-listings/blacktown-nsw-2148/
1103/5 Second Avenue,Blacktown,2148,Apartment,2,2,1,439,420000,2026-09-01,Private treaty,domain.com.au,https://www.domain.com.au/sold-listings/blacktown-nsw-2148/
38-38A Burrell Parade,Blacktown,2148,House,5,3,4,563,1480000,2026-08-28,Private treaty,domain.com.au,https://www.domain.com.au/sold-listings/blacktown-nsw-2148/
73/31 Third Avenue,Blacktown,2148,Apartment,2,2,1,,452000,2026-08-26,Private treaty,domain.com.au,https://www.domain.com.au/sold-listings/blacktown-nsw-2148/
19 Stephen Street,Blacktown,2148,House,3,1,1,575,1062500,2026-08-26,Private treaty,domain.com.au,https://www.domain.com.au/sold-listings/blacktown-nsw-2148/
39 Burke Street,Blacktown,2148,House,5,3,2,,1500000,2026-08-26,Private treaty,domain.com.au,https://www.domain.com.au/sold-listings/blacktown-nsw-2148/?page=2
7/45 Lyton Street,Blacktown,2148,Townhouse,2,2,1,,805000,2026-08-25,Private treaty,domain.com.au,https://www.domain.com.au/sold-listings/blacktown-nsw-2148/?page=2
6 Fringe Glade,Blacktown,2148,Townhouse,2,2,1,126,790000,2026-08-24,Private treaty,domain.com.au,https://www.domain.com.au/sold-listings/blacktown-nsw-2148/?page=2
903/5 Second Avenue,Blacktown,2148,Apartment,3,2,2,179,600000,2026-08-24,Private treaty,domain.com.au,https://www.domain.com.au/sold-listings/blacktown-nsw-2148/?page=2
63/130 Main Street,Blacktown,2148,Apartment,2,2,2,,,2026-08-23,Private treaty,domain.com.au,https://www.domain.com.au/sold-listings/blacktown-nsw-2148/?page=2
13 Lancaster Street,Blacktown,2148,House,7,4,6,739,1900000,2026-08-22,Auction,domain.com.au,https://www.domain.com.au/sold-listings/blacktown-nsw-2148/?page=2
17/3-5 Bruce Street,Blacktown,2148,Apartment,2,2,1,,481000,2026-08-21,Private treaty,domain.com.au,https://www.domain.com.au/sold-listings/blacktown-nsw-2148/?page=2
79/21-29 Third Avenue,Blacktown,2148,Apartment,2,2,1,122,435000,2026-08-21,Private treaty,domain.com.au,https://www.domain.com.au/sold-listings/blacktown-nsw-2148/?page=2
6 Garden Street,Blacktown,2148,House,4,2,6,556,1235000,2026-08-20,Private treaty,domain.com.au,https://www.domain.com.au/sold-listings/blacktown-nsw-2148/?page=2
41/25 Mantaka Street,Blacktown,2148,Apartment,2,1,1,84,435000,2026-08-20,Private treaty,domain.com.au,https://www.domain.com.au/sold-listings/blacktown-nsw-2148/?page=2
41 Dagmar Crescent,Blacktown,2148,House,3,1,2,569,880000,2026-08-18,Private treaty,domain.com.au,https://www.domain.com.au/sold-listings/blacktown-nsw-2148/?page=2
94 Lancelot Street,Blacktown,2148,House,3,1,1,562,950000,2026-08-18,Private treaty,domain.com.au,https://www.domain.com.au/sold-listings/blacktown-nsw-2148/?page=2
69/25 Mantaka Street,Blacktown,2148,Apartment,2,1,1,84,419000,2026-08-17,Private treaty,domain.com.au,https://www.domain.com.au/sold-listings/blacktown-nsw-2148/?page=2
41 Anthony Street,Blacktown,2148,House,3,1,1,,910000,2026-08-17,Private treaty,domain.com.au,https://www.domain.com.au/sold-listings/blacktown-nsw-2148/?page=2
36/130 Main Street,Blacktown,2148,Apartment,2,2,1,,443000,2026-08-17,Private treaty,domain.com.au,https://www.domain.com.au/sold-listings/blacktown-nsw-2148/?page=2
45 & 45a Dina Beth Avenue,Blacktown,2148,House,5,2,4,,1250000,2026-08-14,Private treaty,domain.com.au,https://www.domain.com.au/sold-listings/blacktown-nsw-2148/?page=2
2/31 Third Avenue,Blacktown,2148,Apartment,1,1,1,,380000,2026-08-13,Private treaty,domain.com.au,https://www.domain.com.au/sold-listings/blacktown-nsw-2148/?page=2
28 Eggleton Street,Blacktown,2148,House,3,1,2,866,1263000,2026-08-13,Private treaty,domain.com.au,https://www.domain.com.au/sold-listings/blacktown-nsw-2148/?page=2
12 Glamorgan Street,Blacktown,2148,House,3,1,1,556,1030000,2026-08-11,Private treaty,domain.com.au,https://www.domain.com.au/sold-listings/blacktown-nsw-2148/?page=2
307/11-13 Clifton Street,Blacktown,2148,Apartment,2,2,1,,575000,2026-08-11,Private treaty,domain.com.au,https://www.domain.com.au/sold-listings/blacktown-nsw-2148/?page=2
15/25 Kildare Road,Blacktown,2148,Apartment,2,1,1,99,460000,2026-08-11,Private treaty,domain.com.au,https://www.domain.com.au/sold-listings/blacktown-nsw-2148/?page=3
41 Burrell Parade,Blacktown,2148,House,3,1,2,556,960000,2026-08-11,Private treaty,domain.com.au,https://www.domain.com.au/sold-listings/blacktown-nsw-2148/?page=3
57 Walters Road,Blacktown,2148,House,3,1,1,835,1221000,2026-08-08,Auction,domain.com.au,https://www.domain.com.au/sold-listings/blacktown-nsw-2148/?page=3
59 Walters Road,Blacktown,2148,House,3,1,1,562,900000,2026-08-08,Auction,domain.com.au,https://www.domain.com.au/sold-listings/blacktown-nsw-2148/?page=3
29/17-19 Third Avenue,Blacktown,2148,Apartment,2,1,1,,455000,2026-08-07,Private treaty,domain.com.au,https://www.domain.com.au/sold-listings/blacktown-nsw-2148/?page=3
19/26 Mantaka Street,Blacktown,2148,Apartment,2,1,1,,,2026-08-07,Private treaty,domain.com.au,https://www.domain.com.au/sold-listings/blacktown-nsw-2148/?page=3
4/313 Flushcombe Road,Blacktown,2148,Townhouse,3,2,2,236,920000,2026-08-05,Private treaty,domain.com.au,https://www.domain.com.au/sold-listings/blacktown-nsw-2148/?page=3
12 Siebel Street,Blacktown,2148,House,5,2,1,560,1080000,2026-08-05,Private treaty,domain.com.au,https://www.domain.com.au/sold-listings/blacktown-nsw-2148/?page=3
12/15 Devitt Street,Blacktown,2148,Apartment,2,1,1,,465000,2026-08-03,Private treaty,domain.com.au,https://www.domain.com.au/sold-listings/blacktown-nsw-2148/?page=3
Address withheld A,Blacktown,2148,Apartment,1,1,1,,,2026-08-03,Private treaty,domain.com.au,https://www.domain.com.au/sold-listings/blacktown-nsw-2148/?page=3
Address withheld B,Blacktown,2148,Apartment,1,1,1,,,2026-08-03,Private treaty,domain.com.au,https://www.domain.com.au/sold-listings/blacktown-nsw-2148/?page=3
59 Lancaster Street,Blacktown,2148,House,3,2,3,600,900000,2026-07-31,Private treaty,domain.com.au,https://www.domain.com.au/sold-listings/blacktown-nsw-2148/?page=3
19 Leonard Street,Blacktown,2148,House,3,2,3,543,927000,2026-07-30,Sold prior to auction,domain.com.au,https://www.domain.com.au/sold-listings/blacktown-nsw-2148/?page=3
53-53A Pelleas Street,Blacktown,2148,House,7,4,2,584,1700000,2026-07-29,Auction,domain.com.au,https://www.domain.com.au/sold-listings/blacktown-nsw-2148/?page=3
301/10 Carinya Street,Blacktown,2148,Apartment,2,2,1,103,590000,2026-07-28,Private treaty,domain.com.au,https://www.domain.com.au/sold-listings/blacktown-nsw-2148/?page=3
9 Nicholas Street,Blacktown,2148,House,5,2,1,550,1200000,2026-07-28,Private treaty,domain.com.au,https://www.domain.com.au/sold-listings/blacktown-nsw-2148/?page=3
3 Bridge View Street,Blacktown,2148,House,5,2,2,803,1200000,2026-07-27,Private treaty,domain.com.au,https://www.domain.com.au/sold-listings/blacktown-nsw-2148/?page=3
25 Virginia Street,Blacktown,2148,House,4,1,3,,1120000,2026-07-26,Auction,domain.com.au,https://www.domain.com.au/sold-listings/blacktown-nsw-2148/?page=3
11-11a Virginia Street,Blacktown,2148,House,4,2,2,588,1075000,2026-07-25,Auction,domain.com.au,https://www.domain.com.au/sold-listings/blacktown-nsw-2148/?page=3
25 Dagmar Crescent,Blacktown,2148,House,4,2,1,600,992500,2026-07-25,Auction,domain.com.au,https://www.domain.com.au/sold-listings/blacktown-nsw-2148/?page=3
4/44-50 Thomas Street,Parramatta,2150,Townhouse,2,1,1,128,720000,2026-09-16,Private treaty,domain.com.au,https://www.domain.com.au/sold-listings/parramatta-nsw-2150/
2315/45 Macquarie Street,Parramatta,2150,Apartment,2,2,1,,640000,2026-09-16,Private treaty,domain.com.au,https://www.domain.com.au/sold-listings/parramatta-nsw-2150/
1/3 Stewart Street,Parramatta,2150,Apartment,2,1,1,,570000,2026-09-16,Private treaty,domain.com.au,https://www.domain.com.au/sold-listings/parramatta-nsw-2150/
641/180 George Street,Parramatta,2150,Apartment,2,1,0,,600000,2026-09-16,Private treaty,domain.com.au,https://www.domain.com.au/sold-listings/parramatta-nsw-2150/
1001/83 Church Street,Parramatta,2150,Apartment,2,2,1,,,2026-09-16,Private treaty,domain.com.au,https://www.domain.com.au/sold-listings/parramatta-nsw-2150/
1001/83 Church Street,Parramatta,2150,Apartment,2,2,1,,,2026-09-16,Private treaty,domain.com.au,https://www.domain.com.au/sold-listings/parramatta-nsw-2150/
610/36-46 Cowper Street,Parramatta,2150,Apartment,2,2,1,,575000,2026-09-14,Private treaty,domain.com.au,https://www.domain.com.au/sold-listings/parramatta-nsw-2150/
2/16 Betts Street,Parramatta,2150,Apartment,2,1,1,,660000,2026-09-12,Private treaty,domain.com.au,https://www.domain.com.au/sold-listings/parramatta-nsw-2150/
1404/1-3 Valentine Avenue,Parramatta,2150,Apartment,1,1,0,,320000,2026-09-11,Private treaty,domain.com.au,https://www.domain.com.au/sold-listings/parramatta-nsw-2150/
820K/2 Morton Street,Parramatta,2150,Apartment,2,2,1,,650000,2026-09-11,Private treaty,domain.com.au,https://www.domain.com.au/sold-listings/parramatta-nsw-2150/
15/12 Early Street,Parramatta,2150,Apartment,2,1,1,,493000,2026-09-11,Private treaty,domain.com.au,https://www.domain.com.au/sold-listings/parramatta-nsw-2150/
33/68 Great Western Highway,Parramatta,2150,Apartment,2,1,1,,520000,2026-09-11,Private treaty,domain.com.au,https://www.domain.com.au/sold-listings/parramatta-nsw-2150/
2/39-41 Victoria Road,Parramatta,2150,House,2,2,1,,,2026-09-11,Private treaty,domain.com.au,https://www.domain.com.au/sold-listings/parramatta-nsw-2150/
505/23 Hassall Street,Parramatta,2150,Apartment,2,2,1,,660000,2026-09-09,Private treaty,domain.com.au,https://www.domain.com.au/sold-listings/parramatta-nsw-2150/
1602/83 Church Street,Parramatta,2150,Apartment,3,2,1,,,2026-09-08,Private treaty,domain.com.au,https://www.domain.com.au/sold-listings/parramatta-nsw-2150/
1602/83 Church Street,Parramatta,2150,Apartment,3,2,1,,,2026-09-08,Private treaty,domain.com.au,https://www.domain.com.au/sold-listings/parramatta-nsw-2150/
89/459-463 Church Street,Parramatta,2150,Apartment,2,2,1,,580000,2026-09-04,Private treaty,domain.com.au,https://www.domain.com.au/sold-listings/parramatta-nsw-2150/
8/64-66 Great Western Highway,Parramatta,2150,Apartment,1,1,1,,425000,2026-09-04,Private treaty,domain.com.au,https://www.domain.com.au/sold-listings/parramatta-nsw-2150/
1702/45 Macquarie Street,Parramatta,2150,Apartment,2,2,1,,705000,2026-09-04,Private treaty,domain.com.au,https://www.domain.com.au/sold-listings/parramatta-nsw-2150/
2005/83 Church Street,Parramatta,2150,Apartment,1,1,1,,,2026-09-04,Private treaty,domain.com.au,https://www.domain.com.au/sold-listings/parramatta-nsw-2150/
10/4 Peace Lane,Parramatta,2150,Apartment,2,2,1,108,570000,2026-09-03,Private treaty,domain.com.au,https://www.domain.com.au/sold-listings/parramatta-nsw-2150/?page=2
505/330 Church Street,Parramatta,2150,Apartment,2,2,1,,700000,2026-09-03,Private treaty,domain.com.au,https://www.domain.com.au/sold-listings/parramatta-nsw-2150/?page=2
9/178 George Street,Parramatta,2150,Apartment,1,1,0,,490000,2026-09-01,Private treaty,domain.com.au,https://www.domain.com.au/sold-listings/parramatta-nsw-2150/?page=2
3/23 Good Street,Parramatta,2150,Apartment,2,1,1,,569000,2026-08-31,Private treaty,domain.com.au,https://www.domain.com.au/sold-listings/parramatta-nsw-2150/?page=2
17/10-12 Thomas Street,Parramatta,2150,Apartment,2,1,1,,650000,2026-08-31,Private treaty,domain.com.au,https://www.domain.com.au/sold-listings/parramatta-nsw-2150/?page=2
401/6 River Road West,Parramatta,2150,Apartment,2,2,1,108,540000,2026-08-30,Private treaty,domain.com.au,https://www.domain.com.au/sold-listings/parramatta-nsw-2150/?page=2
1403/1-3 Valentine Avenue,Parramatta,2150,Apartment,1,1,1,,355000,2026-08-28,Private treaty,domain.com.au,https://www.domain.com.au/sold-listings/parramatta-nsw-2150/?page=2
1201/45 Macquarie Street,Parramatta,2150,Apartment,1,1,1,,566000,2026-08-28,Private treaty,domain.com.au,https://www.domain.com.au/sold-listings/parramatta-nsw-2150/?page=2
5/30-32 Queens Avenue,Parramatta,2150,Apartment,2,1,1,,680000,2026-08-28,Private treaty,domain.com.au,https://www.domain.com.au/sold-listings/parramatta-nsw-2150/?page=2
11/32 Hassall Street,Parramatta,2150,Apartment,2,2,1,,590000,2026-08-28,Private treaty,domain.com.au,https://www.domain.com.au/sold-listings/parramatta-nsw-2150/?page=2
C26/88-98 Marsden Street,Parramatta,2150,Apartment,2,2,1,,552000,2026-08-27,Private treaty,domain.com.au,https://www.domain.com.au/sold-listings/parramatta-nsw-2150/?page=2
15/1 Good Street,Parramatta,2150,Apartment,2,1,1,,480000,2026-08-27,Private treaty,domain.com.au,https://www.domain.com.au/sold-listings/parramatta-nsw-2150/?page=2
1417/32 Hunter Street,Parramatta,2150,Apartment,1,1,1,,560000,2026-08-25,Private treaty,domain.com.au,https://www.domain.com.au/sold-listings/parramatta-nsw-2150/?page=2
907/6-10 Charles Street,Parramatta,2150,Apartment,3,2,1,,720000,2026-08-25,Private treaty,domain.com.au,https://www.domain.com.au/sold-listings/parramatta-nsw-2150/?page=2
16L/15 Campbell Street,Parramatta,2150,Apartment,1,1,1,,405000,2026-08-25,Auction,domain.com.au,https://www.domain.com.au/sold-listings/parramatta-nsw-2150/?page=3
D603/1 Broughton Street,Parramatta,2150,Apartment,2,2,1,,680000,2026-08-25,Private treaty,domain.com.au,https://www.domain.com.au/sold-listings/parramatta-nsw-2150/?page=3
805/21 Hassall Street,Parramatta,2150,Apartment,1,1,0,,410000,2026-08-24,Private treaty,domain.com.au,https://www.domain.com.au/sold-listings/parramatta-nsw-2150/?page=3
108/125-129 Arthur Street,Parramatta,2150,Apartment,2,1,1,,653000,2026-08-21,Private treaty,domain.com.au,https://www.domain.com.au/sold-listings/parramatta-nsw-2150/?page=3
219/88 Church Street,Parramatta,2150,Apartment,1,1,1,,600000,2026-08-21,Private treaty,domain.com.au,https://www.domain.com.au/sold-listings/parramatta-nsw-2150/?page=3
41/3 Good Street,Parramatta,2150,Apartment,2,2,1,,641000,2026-08-21,Private treaty,domain.com.au,https://www.domain.com.au/sold-listings/parramatta-nsw-2150/?page=3
1502/88 Church Street,Parramatta,2150,Apartment,2,2,1,,800000,2026-08-21,Private treaty,domain.com.au,https://www.domain.com.au/sold-listings/parramatta-nsw-2150/?page=3
11/22-24 Tennyson Street,Parramatta,2150,Apartment,2,2,1,,650000,2026-08-17,Private treaty,domain.com.au,https://www.domain.com.au/sold-listings/parramatta-nsw-2150/?page=3
721/1-3 Valentine Avenue,Parramatta,2150,Apartment,0,1,0,,250000,2026-08-17,Private treaty,domain.com.au,https://www.domain.com.au/sold-listings/parramatta-nsw-2150/?page=3
138 Railway Street,Parramatta,2150,Townhouse,2,1,1,,685000,2026-08-14,Private treaty,domain.com.au,https://www.domain.com.au/sold-listings/parramatta-nsw-2150/?page=3
53/20 Victoria Road,Parramatta,2150,Apartment,2,2,1,,640000,2026-08-13,Private treaty,domain.com.au,https://www.domain.com.au/sold-listings/parramatta-nsw-2150/?page=3
5/5 Thomas Street,Parramatta,2150,Apartment,2,1,1,,530000,2026-08-12,Private treaty,domain.com.au,https://www.domain.com.au/sold-listings/parramatta-nsw-2150/?page=4
2/1-7 Bobart Street,Parramatta,2150,Townhouse,2,1,1,,780000,2026-08-12,Auction,domain.com.au,https://www.domain.com.au/sold-listings/parramatta-nsw-2150/?page=4
3637/180 George Street,Parramatta,2150,Apartment,1,1,0,,623000,2026-08-12,Private treaty,domain.com.au,https://www.domain.com.au/sold-listings/parramatta-nsw-2150/?page=4
33 Rosehill Street,Parramatta,2150,House,4,1,1,691,2080000,2026-08-08,Private treaty,domain.com.au,https://www.domain.com.au/sold-listings/parramatta-nsw-2150/?page=4
4/39 Great Western Highway,Parramatta,2150,Apartment,2,1,1,1737,560000,2026-08-07,Private treaty,domain.com.au,https://www.domain.com.au/sold-listings/parramatta-nsw-2150/?page=4
C19/88 Marsden Street,Parramatta,2150,Apartment,2,2,1,,520000,2026-08-07,Private treaty,domain.com.au,https://www.domain.com.au/sold-listings/parramatta-nsw-2150/?page=4
1001/1A Morton Street,Parramatta,2150,Apartment,2,2,1,,635000,2026-08-07,Private treaty,domain.com.au,https://www.domain.com.au/sold-listings/parramatta-nsw-2150/?page=4
313/88 Vista Street,Mosman,2088,Apartment,2,1,0,,905000,2026-09-17,Private treaty,domain.com.au,https://www.domain.com.au/sold-listings/mosman-nsw-2088/
8/88 Avenue Road,Mosman,2088,Apartment,1,1,1,,730000,2026-09-12,Private treaty,domain.com.au,https://www.domain.com.au/sold-listings/mosman-nsw-2088/
7/10 Muston Street,Mosman,2088,Apartment,1,1,0,,750000,2026-09-08,Private treaty,domain.com.au,https://www.domain.com.au/sold-listings/mosman-nsw-2088/
13/5 The Esplanade,Mosman,2088,Apartment,1,1,0,,1450000,2026-09-03,Sold prior to auction,domain.com.au,https://www.domain.com.au/sold-listings/mosman-nsw-2088/
7/154 Raglan Street,Mosman,2088,Apartment,1,1,1,,785000,2026-07-14,Private treaty,domain.com.au,https://www.domain.com.au/sold-listings/mosman-nsw-2088/?page=4
1/128-130 Avenue Road,Mosman,2088,Apartment,2,1,1,,1415000,2026-07-14,Auction,domain.com.au,https://www.domain.com.au/sold-listings/mosman-nsw-2088/?page=4
8/6 Punch Street,Mosman,2088,Apartment,1,1,0,,700000,2026-07-09,Sold prior to auction,domain.com.au,https://www.domain.com.au/sold-listings/mosman-nsw-2088/?page=4
13/6 McLeod Street,Mosman,2088,Apartment,1,1,0,,762000,2026-07-09,Private treaty,domain.com.au,https://www.domain.com.au/sold-listings/mosman-nsw-2088/?page=4
20/96 Ourimbah Road,Mosman,2088,Apartment,2,1,1,,1030000,2026-07-07,Sold prior to auction,domain.com.au,https://www.domain.com.au/sold-listings/mosman-nsw-2088/?page=4
4/125 Raglan Street,Mosman,2088,Apartment,2,1,0,,990000,2026-07-07,Sold prior to auction,domain.com.au,https://www.domain.com.au/sold-listings/mosman-nsw-2088/?page=4
22/43 Musgrave Street,Mosman,2088,Apartment,2,1,1,,1310000,2026-07-03,Private treaty,domain.com.au,https://www.domain.com.au/sold-listings/mosman-nsw-2088/?page=4
22/96 Ourimbah Road,Mosman,2088,Apartment,2,1,1,,1025000,2026-07-03,Private treaty,domain.com.au,https://www.domain.com.au/sold-listings/mosman-nsw-2088/?page=4
3 Gordon Street,Mosman,2088,House,5,2,2,490,7650000,2026-07-02,Sold prior to auction,domain.com.au,https://www.domain.com.au/sold-listings/mosman-nsw-2088/?page=4
67 Cowles Road,Mosman,2088,House,4,2,0,,3225000,2026-07-02,Sold prior to auction,domain.com.au,https://www.domain.com.au/sold-listings/mosman-nsw-2088/?page=4
36 Lang Street,Mosman,2088,House,3,2,1,260,2865000,2026-07-02,Sold prior to auction,domain.com.au,https://www.domain.com.au/sold-listings/mosman-nsw-2088/?page=4
21 Morella Road,Mosman,2088,House,4,4,2,,11650000,2026-07-01,Private treaty,domain.com.au,https://www.domain.com.au/sold-listings/mosman-nsw-2088/?page=4
31/2B Brady Street,Mosman,2088,Apartment,3,2,2,,1925000,2026-06-29,Private treaty,domain.com.au,https://www.domain.com.au/sold-listings/mosman-nsw-2088/?page=4
9/6 Avenue Road,Mosman,2088,Studio,0,1,1,1053,610000,2026-06-26,Private treaty,domain.com.au,https://www.domain.com.au/sold-listings/mosman-nsw-2088/?page=4
2/60A Raglan Street,Mosman,2088,Apartment,2,1,1,,1175000,2026-06-26,Private treaty,domain.com.au,https://www.domain.com.au/sold-listings/mosman-nsw-2088/?page=4
2/81A Glover Street,Mosman,2088,Apartment,2,2,1,,1440000,2026-06-25,Private treaty,domain.com.au,https://www.domain.com.au/sold-listings/mosman-nsw-2088/?page=4
3/13 Wyong Road,Mosman,2088,Apartment,2,2,1,,1750000,2026-06-22,Sold prior to auction,domain.com.au,https://www.domain.com.au/sold-listings/mosman-nsw-2088/?page=5
17 Avenue Road,Mosman,2088,House,5,3,2,,5450000,2026-06-19,Private treaty,domain.com.au,https://www.domain.com.au/sold-listings/mosman-nsw-2088/?page=5
5 Central Avenue,Mosman,2088,House,5,4,2,607,6399000,2026-06-19,Private treaty,domain.com.au,https://www.domain.com.au/sold-listings/mosman-nsw-2088/?page=5
8/4 Esther Road,Mosman,2088,Apartment,2,1,1,,1560000,2026-06-19,Auction,domain.com.au,https://www.domain.com.au/sold-listings/mosman-nsw-2088/?page=5
2/63 Muston Street,Mosman,2088,Apartment,4,3,3,631,6000000,2026-06-18,Private treaty,domain.com.au,https://www.domain.com.au/sold-listings/mosman-nsw-2088/?page=5
2/184 Raglan Street,Mosman,2088,Apartment,2,1,1,,1237500,2026-06-17,Private treaty,domain.com.au,https://www.domain.com.au/sold-listings/mosman-nsw-2088/?page=5
5B/699 Military Road,Mosman,2088,Apartment,2,1,1,,1450000,2026-06-17,Sold prior to auction,domain.com.au,https://www.domain.com.au/sold-listings/mosman-nsw-2088/?page=5
15/3 Belmont Road,Mosman,2088,Apartment,2,2,1,,1760000,2026-06-12,Sold prior to auction,domain.com.au,https://www.domain.com.au/sold-listings/mosman-nsw-2088/?page=5
16/5 The Esplanade,Mosman,2088,Apartment,1,1,1,,1570000,2026-06-06,Auction,domain.com.au,https://www.domain.com.au/sold-listings/mosman-nsw-2088/?page=5
1/10 Lang Street,Mosman,2088,Semi-detached,4,2,1,,3200000,2026-06-06,Private treaty,domain.com.au,https://www.domain.com.au/sold-listings/mosman-nsw-2088/?page=5
14 Almora Street,Mosman,2088,House,3,3,2,,5025000,2026-06-06,Auction,domain.com.au,https://www.domain.com.au/sold-listings/mosman-nsw-2088/?page=5
1/30 Hale Road,Mosman,2088,Townhouse,3,2,2,,2180000,2026-06-05,Private treaty,domain.com.au,https://www.domain.com.au/sold-listings/mosman-nsw-2088/?page=5
2 Morella Road,Mosman,2088,House,5,4,4,594,7360000,2026-06-05,Private treaty,domain.com.au,https://www.domain.com.au/sold-listings/mosman-nsw-2088/?page=5
21/96 Ourimbah Road,Mosman,2088,Apartment,2,1,1,2004,900000,2026-06-05,Private treaty,domain.com.au,https://www.domain.com.au/sold-listings/mosman-nsw-2088/?page=5
105 Holt Avenue,Mosman,2088,House,4,3,0,,3550000,2026-06-05,Sold prior to auction,domain.com.au,https://www.domain.com.au/sold-listings/mosman-nsw-2088/?page=5
10/116 Belmont Road,Mosman,2088,Townhouse,3,2,2,192,2380000,2026-06-05,Private treaty,domain.com.au,https://www.domain.com.au/sold-listings/mosman-nsw-2088/?page=6
9/238 Raglan Street,Mosman,2088,Apartment,2,1,1,,1590000,2026-06-04,Auction,domain.com.au,https://www.domain.com.au/sold-listings/mosman-nsw-2088/?page=6
10/1 Hampden Street,Mosman,2088,Apartment,1,1,1,,825000,2026-06-04,Sold prior to auction,domain.com.au,https://www.domain.com.au/sold-listings/mosman-nsw-2088/?page=6
13/17-23 Heydon Street,Mosman,2088,Retirement Living,2,1,1,,1360000,2026-06-04,Private treaty,domain.com.au,https://www.domain.com.au/sold-listings/mosman-nsw-2088/?page=6
11 Euryalus Street,Mosman,2088,House,6,4,3,879,7260000,2026-06-04,Sold prior to auction,domain.com.au,https://www.domain.com.au/sold-listings/mosman-nsw-2088/?page=6
3/1A Oswald Street,Mosman,2088,Apartment,2,1,0,,1140000,2026-06-04,Private treaty,domain.com.au,https://www.domain.com.au/sold-listings/mosman-nsw-2088/?page=6
96 Glover Street,Mosman,2088,House,4,3,2,379,3390000,2026-06-02,Auction,domain.com.au,https://www.domain.com.au/sold-listings/mosman-nsw-2088/?page=6
17/22 Mosman Street,Mosman,2088,Apartment,1,1,1,,827000,2026-06-01,Sold prior to auction,domain.com.au,https://www.domain.com.au/sold-listings/mosman-nsw-2088/?page=6
14 Calypso Avenue,Mosman,2088,House,4,2,2,,4820000,2026-05-30,Auction,domain.com.au,https://www.domain.com.au/sold-listings/mosman-nsw-2088/?page=6
6/800 Military Road,Mosman,2088,Townhouse,3,2,2,,2725000,2026-05-29,Private treaty,domain.com.au,https://www.domain.com.au/sold-listings/mosman-nsw-2088/?page=6
28/9 Mandolong Road,Mosman,2088,Apartment,1,1,0,,800000,2026-05-29,Private treaty,domain.com.au,https://www.domain.com.au/sold-listings/mosman-nsw-2088/?page=6
4/2 Ida Avenue,Mosman,2088,Apartment,3,2,2,,4000000,2026-05-29,Private treaty,domain.com.au,https://www.domain.com.au/sold-listings/mosman-nsw-2088/?page=6
1/31 Musgrave Street,Mosman,2088,Apartment,2,1,1,,2250000,2026-05-29,Sold prior to auction,domain.com.au,https://www.domain.com.au/sold-listings/mosman-nsw-2088/?page=6
2/182 Raglan Street,Mosman,2088,Apartment,2,1,1,,1275000,2026-05-29,Sold prior to auction,domain.com.au,https://www.domain.com.au/sold-listings/mosman-nsw-2088/?page=6
1 Bradleys Head Road,Mosman,2088,House,5,3,3,894,9400000,2026-05-28,Sold prior to auction,domain.com.au,https://www.domain.com.au/sold-listings/mosman-nsw-2088/?page=6
200 Spit Road,Mosman,2088,House,3,1,2,505,3350000,2026-05-27,Sold prior to auction,domain.com.au,https://www.domain.com.au/sold-listings/mosman-nsw-2088/?page=6
12/22 Warringah Road,Mosman,2088,Apartment,1,1,1,787,1030000,2026-05-26,Private treaty,domain.com.au,https://www.domain.com.au/sold-listings/mosman-nsw-2088/?page=6
