address,suburb,postcode,property_type,beds,baths,parking,land_size_m2,sold_price,sold_date,sale_method,source_site,source_url,total_rooms,bath_per_bed,has_land_data,log_land_size,land_per_bed,has_parking,months_since_start,is_auction,predicted,error,abs_error,pct_error
40 Stephen Street,Blacktown,2148,House,5,3,3,338.0,1350000.0,2026-09-17,Private treaty,domain.com.au,https://www.domain.com.au/sold-listings/blacktown-nsw-2148/,8,0.6,1,5.82600010738045,67.6,1,3.75,0,1308971.9477327515,-41028.05226724851,41028.05226724851,-3.039114982759149
1 Huntley Drive,Blacktown,2148,Townhouse,3,2,1,,765000.0,2026-09-16,Private treaty,domain.com.au,https://www.domain.com.au/sold-listings/blacktown-nsw-2148/,5,0.6666666666666666,0,0.0,0.0,1,3.71,0,854616.6648069023,89616.66480690229,89616.66480690229,11.714596706784613
25/8-10 Fourth Avenue,Blacktown,2148,Apartment,2,1,1,,415000.0,2026-09-16,Private treaty,domain.com.au,https://www.domain.com.au/sold-listings/blacktown-nsw-2148/,3,0.5,0,0.0,0.0,1,3.71,0,449143.86424698983,34143.86424698983,34143.86424698983,8.227437167949358
17 St Pauls Way,Blacktown,2148,Townhouse,3,2,1,,828000.0,2026-09-15,Private treaty,domain.com.au,https://www.domain.com.au/sold-listings/blacktown-nsw-2148/,5,0.6666666666666666,0,0.0,0.0,1,3.68,0,827014.1483110314,-985.8516889685998,985.8516889685998,-0.1190642136435507
3/130 Newton Road,Blacktown,2148,Townhouse,2,1,1,,700000.0,2026-09-14,Private treaty,domain.com.au,https://www.domain.com.au/sold-listings/blacktown-nsw-2148/,3,0.5,0,0.0,0.0,1,3.65,0,655915.4801996283,-44084.51980037172,44084.51980037172,-6.297788542910246
4 & 4A Joseph Street,Blacktown,2148,House,5,2,5,713.0,1340000.0,2026-09-14,Private treaty,domain.com.au,https://www.domain.com.au/sold-listings/blacktown-nsw-2148/,7,0.4,1,6.570882962339584,142.6,1,3.65,0,1321042.4883595505,-18957.51164044952,18957.51164044952,-1.414739674660412
3/28 Frederick Street,Blacktown,2148,Townhouse,2,1,1,,732500.0,2026-09-14,Private treaty,domain.com.au,https://www.domain.com.au/sold-listings/blacktown-nsw-2148/,3,0.5,0,0.0,0.0,1,3.65,0,662720.4460484461,-69779.55395155388,69779.55395155388,-9.526218969495412
42 Burke Street,Blacktown,2148,House,5,3,6,,1260000.0,2026-09-11,Private treaty,domain.com.au,https://www.domain.com.au/sold-listings/blacktown-nsw-2148/,8,0.6,0,0.0,0.0,1,3.55,0,1426718.4319591078,166718.43195910775,166718.43195910775,13.23162158405617
20/5-9 Fourth Avenue,Blacktown,2148,Apartment,2,1,1,,441000.0,2026-09-10,Private treaty,domain.com.au,https://www.domain.com.au/sold-listings/blacktown-nsw-2148/,3,0.5,0,0.0,0.0,1,3.52,0,449143.86424698983,8143.864246989833,8143.864246989833,1.846681235145087
36/2-4 Fourth Avenue,Blacktown,2148,Apartment,2,1,1,,415000.0,2026-09-10,Private treaty,domain.com.au,https://www.domain.com.au/sold-listings/blacktown-nsw-2148/,3,0.5,0,0.0,0.0,1,3.52,0,459988.5920773688,44988.59207736881,44988.59207736881,10.84062459695634
13/8-18 Wallace Street,Blacktown,2148,Apartment,2,2,1,,463000.0,2026-09-09,Private treaty,domain.com.au,https://www.domain.com.au/sold-listings/blacktown-nsw-2148/,4,1.0,0,0.0,0.0,1,3.48,0,518861.2489860418,55861.24898604181,55861.24898604181,12.065064575818967
9 Cardiff Street,Blacktown,2148,House,5,2,2,556.0,1089000.0,2026-09-08,Private treaty,domain.com.au,https://www.domain.com.au/sold-listings/blacktown-nsw-2148/,7,0.4,1,6.322565239927284,111.2,1,3.45,0,1176870.1946559367,87870.19465593668,87870.19465593668,8.068888398157638
52 Balmoral Street,Blacktown,2148,House,4,1,1,696.0,1300000.0,2026-09-08,Private treaty,domain.com.au,https://www.domain.com.au/sold-listings/blacktown-nsw-2148/,5,0.25,1,6.546785410760524,174.0,1,3.45,0,1650599.8516830672,350599.85168306716,350599.85168306716,26.969219360235936
9 Kirkman Road,Blacktown,2148,House,4,1,2,638.0,1070000.0,2026-09-03,Sold prior to auction,domain.com.au,https://www.domain.com.au/sold-listings/blacktown-nsw-2148/,5,0.25,1,6.459904454377535,159.5,1,3.29,1,1022999.0749640176,-47000.92503598239,47000.92503598239,-4.392609816446953
11/130 Main Street,Blacktown,2148,Apartment,1,1,1,,375000.0,2026-09-02,Private treaty,domain.com.au,https://www.domain.com.au/sold-listings/blacktown-nsw-2148/,2,1.0,0,0.0,0.0,1,3.25,0,379192.55350907036,4192.553509070363,4192.553509070363,1.1180142690854302
17 Carinya Street,Blacktown,2148,House,3,1,1,1182.0,1600000.0,2026-09-01,Private treaty,domain.com.au,https://www.domain.com.au/sold-listings/blacktown-nsw-2148/,4,0.3333333333333333,1,7.075808863978387,394.0,1,3.22,0,1289335.005095942,-310664.99490405805,310664.99490405805,-19.41656218150363
1103/5 Second Avenue,Blacktown,2148,Apartment,2,2,1,,420000.0,2026-09-01,Private treaty,domain.com.au,https://www.domain.com.au/sold-listings/blacktown-nsw-2148/,4,1.0,0,0.0,0.0,1,3.22,0,518861.2489860418,98861.24898604181,98861.24898604181,23.53839261572424
38-38A Burrell Parade,Blacktown,2148,House,5,3,4,563.0,1480000.0,2026-08-28,Private treaty,domain.com.au,https://www.domain.com.au/sold-listings/blacktown-nsw-2148/,8,0.6,1,6.335054251498059,112.6,1,3.09,0,1397807.2021172561,-82192.79788274388,82192.79788274388,-5.553567424509722
73/31 Third Avenue,Blacktown,2148,Apartment,2,2,1,,452000.0,2026-08-26,Private treaty,domain.com.au,https://www.domain.com.au/sold-listings/blacktown-nsw-2148/,4,1.0,0,0.0,0.0,1,3.02,0,500279.9966850233,48279.9966850233,48279.9966850233,10.681415195801616
19 Stephen Street,Blacktown,2148,House,3,1,1,575.0,1062500.0,2026-08-26,Private treaty,domain.com.au,https://www.domain.com.au/sold-listings/blacktown-nsw-2148/,4,0.3333333333333333,1,6.3561076606958915,191.66666666666666,1,3.02,0,1005987.9568159113,-56512.04318408866,56512.04318408866,-5.31878053497305
39 Burke Street,Blacktown,2148,House,5,3,2,,1500000.0,2026-08-26,Private treaty,domain.com.au,https://www.domain.com.au/sold-listings/blacktown-nsw-2148/?page=2,8,0.6,0,0.0,0.0,1,3.02,0,1157913.4359594982,-342086.56404050183,342086.56404050183,-22.805770936033458
7/45 Lyton Street,Blacktown,2148,Townhouse,2,2,1,,805000.0,2026-08-25,Private treaty,domain.com.au,https://www.domain.com.au/sold-listings/blacktown-nsw-2148/?page=2,4,1.0,0,0.0,0.0,1,2.99,0,788758.0248864378,-16241.975113562192,16241.975113562192,-2.0176366600698374
6 Fringe Glade,Blacktown,2148,Townhouse,2,2,1,,790000.0,2026-08-24,Private treaty,domain.com.au,https://www.domain.com.au/sold-listings/blacktown-nsw-2148/?page=2,4,1.0,0,0.0,0.0,1,2.96,0,762371.6510855498,-27628.34891445015,27628.34891445015,-3.4972593562595127
903/5 Second Avenue,Blacktown,2148,Apartment,3,2,2,,600000.0,2026-08-24,Private treaty,domain.com.au,https://www.domain.com.au/sold-listings/blacktown-nsw-2148/?page=2,5,0.6666666666666666,0,0.0,0.0,1,2.96,0,736341.4251076705,136341.42510767048,136341.42510767048,22.723570851278414
13 Lancaster Street,Blacktown,2148,House,7,4,6,739.0,1900000.0,2026-08-22,Auction,domain.com.au,https://www.domain.com.au/sold-listings/blacktown-nsw-2148/?page=2,11,0.5714285714285714,1,6.606650186198215,105.57142857142857,1,2.89,1,1616553.8489599316,-283446.15104006836,283446.15104006836,-14.91821847579307
17/3-5 Bruce Street,Blacktown,2148,Apartment,2,2,1,,481000.0,2026-08-21,Private treaty,domain.com.au,https://www.domain.com.au/sold-listings/blacktown-nsw-2148/?page=2,4,1.0,0,0.0,0.0,1,2.86,0,500738.5910589179,19738.591058917926,19738.591058917926,4.103657184806222
79/21-29 Third Avenue,Blacktown,2148,Apartment,2,2,1,,435000.0,2026-08-21,Private treaty,domain.com.au,https://www.domain.com.au/sold-listings/blacktown-nsw-2148/?page=2,4,1.0,0,0.0,0.0,1,2.86,0,518861.2489860418,83861.24898604181,83861.24898604181,19.278448042768233
6 Garden Street,Blacktown,2148,House,4,2,6,556.0,1235000.0,2026-08-20,Private treaty,domain.com.au,https://www.domain.com.au/sold-listings/blacktown-nsw-2148/?page=2,6,0.5,1,6.322565239927284,139.0,1,2.83,0,1039487.0327590088,-195512.9672409912,195512.9672409912,-15.831009493197667
41/25 Mantaka Street,Blacktown,2148,Apartment,2,1,1,,435000.0,2026-08-20,Private treaty,domain.com.au,https://www.domain.com.au/sold-listings/blacktown-nsw-2148/?page=2,3,0.5,0,0.0,0.0,1,2.83,0,451844.7280293993,16844.728029399295,16844.728029399295,3.872351271126275
41 Dagmar Crescent,Blacktown,2148,House,3,1,2,569.0,880000.0,2026-08-18,Private treaty,domain.com.au,https://www.domain.com.au/sold-listings/blacktown-nsw-2148/?page=2,4,0.3333333333333333,1,6.345636360828596,189.66666666666666,1,2.76,0,976309.4269033233,96309.42690332327,96309.42690332327,10.944253057195827
94 Lancelot Street,Blacktown,2148,House,3,1,1,562.0,950000.0,2026-08-18,Private treaty,domain.com.au,https://www.domain.com.au/sold-listings/blacktown-nsw-2148/?page=2,4,0.3333333333333333,1,6.333279628139691,187.33333333333334,1,2.76,0,1005987.9568159113,55987.95681591134,55987.95681591134,5.893469138516983
69/25 Mantaka Street,Blacktown,2148,Apartment,2,1,1,,419000.0,2026-08-17,Private treaty,domain.com.au,https://www.domain.com.au/sold-listings/blacktown-nsw-2148/?page=2,3,0.5,0,0.0,0.0,1,2.73,0,459988.5920773688,40988.59207736881,40988.59207736881,9.782480209395898
41 Anthony Street,Blacktown,2148,House,3,1,1,,910000.0,2026-08-17,Private treaty,domain.com.au,https://www.domain.com.au/sold-listings/blacktown-nsw-2148/?page=2,4,0.3333333333333333,0,0.0,0.0,1,2.73,0,866001.1092768543,-43998.89072314568,43998.89072314568,-4.835042936609415
36/130 Main Street,Blacktown,2148,Apartment,2,2,1,,443000.0,2026-08-17,Private treaty,domain.com.au,https://www.domain.com.au/sold-listings/blacktown-nsw-2148/?page=2,4,1.0,0,0.0,0.0,1,2.73,0,500738.5910589179,57738.591058917926,57738.591058917926,13.03354199975574
45 & 45a Dina Beth Avenue,Blacktown,2148,House,5,2,4,,1250000.0,2026-08-14,Private treaty,domain.com.au,https://www.domain.com.au/sold-listings/blacktown-nsw-2148/?page=2,7,0.4,0,0.0,0.0,1,2.63,0,1115591.1421041668,-134408.8578958332,134408.8578958332,-10.752708631666657
2/31 Third Avenue,Blacktown,2148,Apartment,1,1,1,,380000.0,2026-08-13,Private treaty,domain.com.au,https://www.domain.com.au/sold-listings/blacktown-nsw-2148/?page=2,2,1.0,0,0.0,0.0,1,2.6,0,375966.10288090946,-4033.897119090543,4033.897119090543,-1.0615518734448797
28 Eggleton Street,Blacktown,2148,House,3,1,2,866.0,1263000.0,2026-08-13,Private treaty,domain.com.au,https://www.domain.com.au/sold-listings/blacktown-nsw-2148/?page=2,4,0.3333333333333333,1,6.7650389767805414,288.6666666666667,1,2.6,0,1220967.4945002245,-42032.50549977552,42032.50549977552,-3.327989350734404
12 Glamorgan Street,Blacktown,2148,House,3,1,1,556.0,1030000.0,2026-08-11,Private treaty,domain.com.au,https://www.domain.com.au/sold-listings/blacktown-nsw-2148/?page=2,4,0.3333333333333333,1,6.322565239927284,185.33333333333334,1,2.53,0,929277.514501138,-100722.48549886199,100722.48549886199,-9.778882087268155
307/11-13 Clifton Street,Blacktown,2148,Apartment,2,2,1,,575000.0,2026-08-11,Private treaty,domain.com.au,https://www.domain.com.au/sold-listings/blacktown-nsw-2148/?page=2,4,1.0,0,0.0,0.0,1,2.53,0,476937.59442326095,-98062.40557673905,98062.40557673905,-17.05433140465027
15/25 Kildare Road,Blacktown,2148,Apartment,2,1,1,,460000.0,2026-08-11,Private treaty,domain.com.au,https://www.domain.com.au/sold-listings/blacktown-nsw-2148/?page=3,3,0.5,0,0.0,0.0,1,2.53,0,451844.7280293993,-8155.271970600705,8155.271970600705,-1.7728852110001532
41 Burrell Parade,Blacktown,2148,House,3,1,2,556.0,960000.0,2026-08-11,Private treaty,domain.com.au,https://www.domain.com.au/sold-listings/blacktown-nsw-2148/?page=3,4,0.3333333333333333,1,6.322565239927284,185.33333333333334,1,2.53,0,998744.2473051857,38744.24730518565,38744.24730518565,4.0358590942901715
57 Walters Road,Blacktown,2148,House,3,1,1,835.0,1221000.0,2026-08-08,Auction,domain.com.au,https://www.domain.com.au/sold-listings/blacktown-nsw-2148/?page=3,4,0.3333333333333333,1,6.728628613084702,278.3333333333333,1,2.43,1,1306763.9130630968,85763.91306309681,85763.91306309681,7.024071503939133
59 Walters Road,Blacktown,2148,House,3,1,1,562.0,900000.0,2026-08-08,Auction,domain.com.au,https://www.domain.com.au/sold-listings/blacktown-nsw-2148/?page=3,4,0.3333333333333333,1,6.333279628139691,187.33333333333334,1,2.43,1,1005987.9568159113,105987.95681591134,105987.95681591134,11.776439646212372
29/17-19 Third Avenue,Blacktown,2148,Apartment,2,1,1,,455000.0,2026-08-07,Private treaty,domain.com.au,https://www.domain.com.au/sold-listings/blacktown-nsw-2148/?page=3,3,0.5,0,0.0,0.0,1,2.4,0,449143.86424698983,-5856.135753010167,5856.135753010167,-1.2870628028593774
4/313 Flushcombe Road,Blacktown,2148,Townhouse,3,2,2,,920000.0,2026-08-05,Private treaty,domain.com.au,https://www.domain.com.au/sold-listings/blacktown-nsw-2148/?page=3,5,0.6666666666666666,0,0.0,0.0,1,2.33,0,881344.8561465532,-38655.14385344682,38655.14385344682,-4.201646071026828
12 Siebel Street,Blacktown,2148,House,5,2,1,560.0,1080000.0,2026-08-05,Private treaty,domain.com.au,https://www.domain.com.au/sold-listings/blacktown-nsw-2148/?page=3,7,0.4,1,6.329720905522696,112.0,1,2.33,0,1150393.8561655278,70393.85616552783,70393.85616552783,6.517949644956281
12/15 Devitt Street,Blacktown,2148,Apartment,2,1,1,,465000.0,2026-08-03,Private treaty,domain.com.au,https://www.domain.com.au/sold-listings/blacktown-nsw-2148/?page=3,3,0.5,0,0.0,0.0,1,2.27,0,448572.7851325789,-16427.214867421077,16427.214867421077,-3.532734380090554
59 Lancaster Street,Blacktown,2148,House,3,2,3,600.0,900000.0,2026-07-31,Private treaty,domain.com.au,https://www.domain.com.au/sold-listings/blacktown-nsw-2148/?page=3,5,0.6666666666666666,1,6.398594934535208,200.0,1,2.17,0,1013518.5337741673,113518.5337741673,113518.5337741673,12.613170419351922
19 Leonard Street,Blacktown,2148,House,3,2,3,543.0,927000.0,2026-07-30,Sold prior to auction,domain.com.au,https://www.domain.com.au/sold-listings/blacktown-nsw-2148/?page=3,5,0.6666666666666666,1,6.298949246855942,181.0,1,2.14,1,990466.3751915755,63466.3751915755,63466.3751915755,6.846426665757874
53-53A Pelleas Street,Blacktown,2148,House,7,4,2,584.0,1700000.0,2026-07-29,Auction,domain.com.au,https://www.domain.com.au/sold-listings/blacktown-nsw-2148/?page=3,11,0.5714285714285714,1,6.371611847231857,83.42857142857143,1,2.1,1,1398153.7362814806,-301846.26371851936,301846.26371851936,-17.75566257167761
301/10 Carinya Street,Blacktown,2148,Apartment,2,2,1,,590000.0,2026-07-28,Private treaty,domain.com.au,https://www.domain.com.au/sold-listings/blacktown-nsw-2148/?page=3,4,1.0,0,0.0,0.0,1,2.07,0,476937.59442326095,-113062.40557673905,113062.40557673905,-19.163119589277805
9 Nicholas Street,Blacktown,2148,House,5,2,1,550.0,1200000.0,2026-07-28,Private treaty,domain.com.au,https://www.domain.com.au/sold-listings/blacktown-nsw-2148/?page=3,7,0.4,1,6.311734809152915,110.0,1,2.07,0,1085158.875223849,-114841.12477615103,114841.12477615103,-9.570093731345919
3 Bridge View Street,Blacktown,2148,House,5,2,2,803.0,1200000.0,2026-07-27,Private treaty,domain.com.au,https://www.domain.com.au/sold-listings/blacktown-nsw-2148/?page=3,7,0.4,1,6.6895992691789665,160.6,1,2.04,0,1369053.8676277036,169053.86762770358,169053.86762770358,14.087822302308632
25 Virginia Street,Blacktown,2148,House,4,1,3,,1120000.0,2026-07-26,Auction,domain.com.au,https://www.domain.com.au/sold-listings/blacktown-nsw-2148/?page=3,5,0.25,0,0.0,0.0,1,2.0,1,1084935.9483686094,-35064.05163139058,35064.05163139058,-3.1307188956598733
11-11a Virginia Street,Blacktown,2148,House,4,2,2,588.0,1075000.0,2026-07-25,Auction,domain.com.au,https://www.domain.com.au/sold-listings/blacktown-nsw-2148/?page=3,6,0.5,1,6.3784261836515865,147.0,1,1.97,1,1017262.2814008751,-57737.71859912493,57737.71859912493,-5.370950567360458
25 Dagmar Crescent,Blacktown,2148,House,4,2,1,600.0,992500.0,2026-07-25,Auction,domain.com.au,https://www.domain.com.au/sold-listings/blacktown-nsw-2148/?page=3,6,0.5,1,6.398594934535208,150.0,1,1.97,1,1034128.0943584419,41628.094358441886,41628.094358441886,4.194266434099938
4/44-50 Thomas Street,Parramatta,2150,Townhouse,2,1,1,,720000.0,2026-09-16,Private treaty,domain.com.au,https://www.domain.com.au/sold-listings/parramatta-nsw-2150/,3,0.5,0,0.0,0.0,1,3.71,0,739109.2423091573,19109.24230915727,19109.24230915727,2.6540614318273987
2315/45 Macquarie Street,Parramatta,2150,Apartment,2,2,1,,640000.0,2026-09-16,Private treaty,domain.com.au,https://www.domain.com.au/sold-listings/parramatta-nsw-2150/,4,1.0,0,0.0,0.0,1,3.71,0,619306.6004659041,-20693.399534095894,20693.399534095894,-3.2333436772024835
1/3 Stewart Street,Parramatta,2150,Apartment,2,1,1,,570000.0,2026-09-16,Private treaty,domain.com.au,https://www.domain.com.au/sold-listings/parramatta-nsw-2150/,3,0.5,0,0.0,0.0,1,3.71,0,543570.7440202637,-26429.255979736336,26429.255979736336,-4.636711575392339
641/180 George Street,Parramatta,2150,Apartment,2,1,0,,600000.0,2026-09-16,Private treaty,domain.com.au,https://www.domain.com.au/sold-listings/parramatta-nsw-2150/,3,0.5,0,0.0,0.0,0,3.71,0,489764.0131004754,-110235.98689952458,110235.98689952458,-18.372664483254095
610/36-46 Cowper Street,Parramatta,2150,Apartment,2,2,1,,575000.0,2026-09-14,Private treaty,domain.com.au,https://www.domain.com.au/sold-listings/parramatta-nsw-2150/,4,1.0,0,0.0,0.0,1,3.65,0,629842.2943808652,54842.294380865176,54842.294380865176,9.537790327106986
2/16 Betts Street,Parramatta,2150,Apartment,2,1,1,,660000.0,2026-09-12,Private treaty,domain.com.au,https://www.domain.com.au/sold-listings/parramatta-nsw-2150/,3,0.5,0,0.0,0.0,1,3.58,0,543570.7440202637,-116429.25597973634,116429.25597973634,-17.64079636056611
1404/1-3 Valentine Avenue,Parramatta,2150,Apartment,1,1,0,,320000.0,2026-09-11,Private treaty,domain.com.au,https://www.domain.com.au/sold-listings/parramatta-nsw-2150/,2,1.0,0,0.0,0.0,0,3.55,0,502239.61404728005,182239.61404728005,182239.61404728005,56.949879389775006
820K/2 Morton Street,Parramatta,2150,Apartment,2,2,1,,650000.0,2026-09-11,Private treaty,domain.com.au,https://www.domain.com.au/sold-listings/parramatta-nsw-2150/,4,1.0,0,0.0,0.0,1,3.55,0,637205.1119549718,-12794.888045028201,12794.888045028201,-1.9684443146197232
15/12 Early Street,Parramatta,2150,Apartment,2,1,1,,493000.0,2026-09-11,Private treaty,domain.com.au,https://www.domain.com.au/sold-listings/parramatta-nsw-2150/,3,0.5,0,0.0,0.0,1,3.55,0,582497.2047706805,89497.20477068052,89497.20477068052,18.15359123137536
33/68 Great Western Highway,Parramatta,2150,Apartment,2,1,1,,520000.0,2026-09-11,Private treaty,domain.com.au,https://www.domain.com.au/sold-listings/parramatta-nsw-2150/,3,0.5,0,0.0,0.0,1,3.55,0,570214.4488639266,50214.44886392658,50214.44886392658,9.656624781524341
505/23 Hassall Street,Parramatta,2150,Apartment,2,2,1,,660000.0,2026-09-09,Private treaty,domain.com.au,https://www.domain.com.au/sold-listings/parramatta-nsw-2150/,4,1.0,0,0.0,0.0,1,3.48,0,620688.0865381955,-39311.91346180451,39311.91346180451,-5.956350524515834
89/459-463 Church Street,Parramatta,2150,Apartment,2,2,1,,580000.0,2026-09-04,Private treaty,domain.com.au,https://www.domain.com.au/sold-listings/parramatta-nsw-2150/,4,1.0,0,0.0,0.0,1,3.32,0,620688.0865381955,40688.08653819549,40688.08653819549,7.015187334171637
8/64-66 Great Western Highway,Parramatta,2150,Apartment,1,1,1,,425000.0,2026-09-04,Private treaty,domain.com.au,https://www.domain.com.au/sold-listings/parramatta-nsw-2150/,2,1.0,0,0.0,0.0,1,3.32,0,466851.40333931474,41851.40333931474,41851.40333931474,9.847389021015234
1702/45 Macquarie Street,Parramatta,2150,Apartment,2,2,1,,705000.0,2026-09-04,Private treaty,domain.com.au,https://www.domain.com.au/sold-listings/parramatta-nsw-2150/,4,1.0,0,0.0,0.0,1,3.32,0,629842.2943808652,-75157.70561913482,75157.70561913482,-10.660667463707068
10/4 Peace Lane,Parramatta,2150,Apartment,2,2,1,,570000.0,2026-09-03,Private treaty,domain.com.au,https://www.domain.com.au/sold-listings/parramatta-nsw-2150/?page=2,4,1.0,0,0.0,0.0,1,3.29,0,637205.1119549718,67205.1119549718,67205.1119549718,11.790370518416104
505/330 Church Street,Parramatta,2150,Apartment,2,2,1,,700000.0,2026-09-03,Private treaty,domain.com.au,https://www.domain.com.au/sold-listings/parramatta-nsw-2150/?page=2,4,1.0,0,0.0,0.0,1,3.29,0,619306.6004659041,-80693.3995340959,80693.3995340959,-11.527628504870842
9/178 George Street,Parramatta,2150,Apartment,1,1,0,,490000.0,2026-09-01,Private treaty,domain.com.au,https://www.domain.com.au/sold-listings/parramatta-nsw-2150/?page=2,2,1.0,0,0.0,0.0,0,3.22,0,437842.89660930773,-52157.10339069227,52157.10339069227,-10.644306814426994
3/23 Good Street,Parramatta,2150,Apartment,2,1,1,,569000.0,2026-08-31,Private treaty,domain.com.au,https://www.domain.com.au/sold-listings/parramatta-nsw-2150/?page=2,3,0.5,0,0.0,0.0,1,3.19,0,582497.2047706805,13497.204770680517,13497.204770680517,2.3720922268331313
17/10-12 Thomas Street,Parramatta,2150,Apartment,2,1,1,,650000.0,2026-08-31,Private treaty,domain.com.au,https://www.domain.com.au/sold-listings/parramatta-nsw-2150/?page=2,3,0.5,0,0.0,0.0,1,3.19,0,543570.7440202637,-106429.25597973634,106429.25597973634,-16.373731689190205
401/6 River Road West,Parramatta,2150,Apartment,2,2,1,,540000.0,2026-08-30,Private treaty,domain.com.au,https://www.domain.com.au/sold-listings/parramatta-nsw-2150/?page=2,4,1.0,0,0.0,0.0,1,3.15,0,629842.2943808652,89842.29438086518,89842.29438086518,16.63746192238244
1403/1-3 Valentine Avenue,Parramatta,2150,Apartment,1,1,1,,355000.0,2026-08-28,Private treaty,domain.com.au,https://www.domain.com.au/sold-listings/parramatta-nsw-2150/?page=2,2,1.0,0,0.0,0.0,1,3.09,0,500550.9992030479,145550.9992030479,145550.9992030479,41.00028146564729
1201/45 Macquarie Street,Parramatta,2150,Apartment,1,1,1,,566000.0,2026-08-28,Private treaty,domain.com.au,https://www.domain.com.au/sold-listings/parramatta-nsw-2150/?page=2,2,1.0,0,0.0,0.0,1,3.09,0,457588.90961069334,-108411.09038930666,108411.09038930666,-19.15390289563722
5/30-32 Queens Avenue,Parramatta,2150,Apartment,2,1,1,,680000.0,2026-08-28,Private treaty,domain.com.au,https://www.domain.com.au/sold-listings/parramatta-nsw-2150/?page=2,3,0.5,0,0.0,0.0,1,3.09,0,570214.4488639266,-109785.55113607342,109785.55113607342,-16.144933990599036
11/32 Hassall Street,Parramatta,2150,Apartment,2,2,1,,590000.0,2026-08-28,Private treaty,domain.com.au,https://www.domain.com.au/sold-listings/parramatta-nsw-2150/?page=2,4,1.0,0,0.0,0.0,1,3.09,0,618915.2966046951,28915.296604695148,28915.296604695148,4.900897729609347
C26/88-98 Marsden Street,Parramatta,2150,Apartment,2,2,1,,552000.0,2026-08-27,Private treaty,domain.com.au,https://www.domain.com.au/sold-listings/parramatta-nsw-2150/?page=2,4,1.0,0,0.0,0.0,1,3.06,0,637205.1119549718,85205.1119549718,85205.1119549718,15.43570868749489
15/1 Good Street,Parramatta,2150,Apartment,2,1,1,,480000.0,2026-08-27,Private treaty,domain.com.au,https://www.domain.com.au/sold-listings/parramatta-nsw-2150/?page=2,3,0.5,0,0.0,0.0,1,3.06,0,593684.9784496055,113684.97844960552,113684.97844960552,23.68437051033448
1417/32 Hunter Street,Parramatta,2150,Apartment,1,1,1,,560000.0,2026-08-25,Private treaty,domain.com.au,https://www.domain.com.au/sold-listings/parramatta-nsw-2150/?page=2,2,1.0,0,0.0,0.0,1,2.99,0,466851.40333931474,-93148.59666068526,93148.59666068526,-16.633677975122367
907/6-10 Charles Street,Parramatta,2150,Apartment,3,2,1,,720000.0,2026-08-25,Private treaty,domain.com.au,https://www.domain.com.au/sold-listings/parramatta-nsw-2150/?page=2,5,0.6666666666666666,0,0.0,0.0,1,2.99,0,867777.9539781461,147777.95397814608,147777.95397814608,20.524715830298067
16L/15 Campbell Street,Parramatta,2150,Apartment,1,1,1,,405000.0,2026-08-25,Auction,domain.com.au,https://www.domain.com.au/sold-listings/parramatta-nsw-2150/?page=3,2,1.0,0,0.0,0.0,1,2.99,1,466851.40333931474,61851.40333931474,61851.40333931474,15.27195144180611
D603/1 Broughton Street,Parramatta,2150,Apartment,2,2,1,,680000.0,2026-08-25,Private treaty,domain.com.au,https://www.domain.com.au/sold-listings/parramatta-nsw-2150/?page=3,4,1.0,0,0.0,0.0,1,2.99,0,620688.0865381955,-59311.91346180451,59311.91346180451,-8.72234021497125
805/21 Hassall Street,Parramatta,2150,Apartment,1,1,0,,410000.0,2026-08-24,Private treaty,domain.com.au,https://www.domain.com.au/sold-listings/parramatta-nsw-2150/?page=3,2,1.0,0,0.0,0.0,0,2.96,0,464993.1525566656,54993.15255666559,54993.15255666559,13.41296403821112
108/125-129 Arthur Street,Parramatta,2150,Apartment,2,1,1,,653000.0,2026-08-21,Private treaty,domain.com.au,https://www.domain.com.au/sold-listings/parramatta-nsw-2150/?page=3,3,0.5,0,0.0,0.0,1,2.86,0,543570.7440202637,-109429.25597973634,109429.25597973634,-16.757925877448137
219/88 Church Street,Parramatta,2150,Apartment,1,1,1,,600000.0,2026-08-21,Private treaty,domain.com.au,https://www.domain.com.au/sold-listings/parramatta-nsw-2150/?page=3,2,1.0,0,0.0,0.0,1,2.86,0,448997.85653037956,-151002.14346962044,151002.14346962044,-25.16702391160341
41/3 Good Street,Parramatta,2150,Apartment,2,2,1,,641000.0,2026-08-21,Private treaty,domain.com.au,https://www.domain.com.au/sold-listings/parramatta-nsw-2150/?page=3,4,1.0,0,0.0,0.0,1,2.86,0,637205.1119549718,-3794.8880450282013,3794.8880450282013,-0.5920262160730423
1502/88 Church Street,Parramatta,2150,Apartment,2,2,1,,800000.0,2026-08-21,Private treaty,domain.com.au,https://www.domain.com.au/sold-listings/parramatta-nsw-2150/?page=3,4,1.0,0,0.0,0.0,1,2.86,0,618915.2966046951,-181084.70339530485,181084.70339530485,-22.63558792441311
11/22-24 Tennyson Street,Parramatta,2150,Apartment,2,2,1,,650000.0,2026-08-17,Private treaty,domain.com.au,https://www.domain.com.au/sold-listings/parramatta-nsw-2150/?page=3,4,1.0,0,0.0,0.0,1,2.73,0,637205.1119549718,-12794.888045028201,12794.888045028201,-1.9684443146197232
721/1-3 Valentine Avenue,Parramatta,2150,Apartment,0,1,0,,250000.0,2026-08-17,Private treaty,domain.com.au,https://www.domain.com.au/sold-listings/parramatta-nsw-2150/?page=3,1,1.0,0,0.0,0.0,0,2.73,0,345340.6776856153,95340.67768561532,95340.67768561532,38.136271074246125
138 Railway Street,Parramatta,2150,Townhouse,2,1,1,,685000.0,2026-08-14,Private treaty,domain.com.au,https://www.domain.com.au/sold-listings/parramatta-nsw-2150/?page=3,3,0.5,0,0.0,0.0,1,2.63,0,730744.9791733583,45744.9791733583,45744.9791733583,6.678099149395372
53/20 Victoria Road,Parramatta,2150,Apartment,2,2,1,,640000.0,2026-08-13,Private treaty,domain.com.au,https://www.domain.com.au/sold-listings/parramatta-nsw-2150/?page=3,4,1.0,0,0.0,0.0,1,2.6,0,620688.0865381955,-19311.913461804506,19311.913461804506,-3.017486478406954
5/5 Thomas Street,Parramatta,2150,Apartment,2,1,1,,530000.0,2026-08-12,Private treaty,domain.com.au,https://www.domain.com.au/sold-listings/parramatta-nsw-2150/?page=4,3,0.5,0,0.0,0.0,1,2.56,0,593684.9784496055,63684.97844960552,63684.97844960552,12.01603366973689
2/1-7 Bobart Street,Parramatta,2150,Townhouse,2,1,1,,780000.0,2026-08-12,Auction,domain.com.au,https://www.domain.com.au/sold-listings/parramatta-nsw-2150/?page=4,3,0.5,0,0.0,0.0,1,2.56,1,730744.9791733583,-49255.0208266417,49255.0208266417,-6.314746259825859
3637/180 George Street,Parramatta,2150,Apartment,1,1,0,,623000.0,2026-08-12,Private treaty,domain.com.au,https://www.domain.com.au/sold-listings/parramatta-nsw-2150/?page=4,2,1.0,0,0.0,0.0,0,2.56,0,421462.17006346537,-201537.82993653463,201537.82993653463,-32.34957141838437
33 Rosehill Street,Parramatta,2150,House,4,1,1,691.0,2080000.0,2026-08-08,Private treaty,domain.com.au,https://www.domain.com.au/sold-listings/parramatta-nsw-2150/?page=4,5,0.25,1,6.539585955617669,172.75,1,2.43,0,1292259.6266897782,-787740.3733102218,787740.3733102218,-37.872133332222205
4/39 Great Western Highway,Parramatta,2150,Apartment,2,1,1,,560000.0,2026-08-07,Private treaty,domain.com.au,https://www.domain.com.au/sold-listings/parramatta-nsw-2150/?page=4,3,0.5,0,0.0,0.0,1,2.4,0,543570.7440202637,-16429.255979736336,16429.255979736336,-2.933795710667203
C19/88 Marsden Street,Parramatta,2150,Apartment,2,2,1,,520000.0,2026-08-07,Private treaty,domain.com.au,https://www.domain.com.au/sold-listings/parramatta-nsw-2150/?page=4,4,1.0,0,0.0,0.0,1,2.4,0,637205.1119549718,117205.1119549718,117205.1119549718,22.539444606725343
1001/1A Morton Street,Parramatta,2150,Apartment,2,2,1,,635000.0,2026-08-07,Private treaty,domain.com.au,https://www.domain.com.au/sold-listings/parramatta-nsw-2150/?page=4,4,1.0,0,0.0,0.0,1,2.4,0,629842.2943808652,-5157.705619134824,5157.705619134824,-0.8122371053755628
313/88 Vista Street,Mosman,2088,Apartment,2,1,0,,905000.0,2026-09-17,Private treaty,domain.com.au,https://www.domain.com.au/sold-listings/mosman-nsw-2088/,3,0.5,0,0.0,0.0,0,3.75,0,1160212.5790723003,255212.57907230034,255212.57907230034,28.20028498036468
8/88 Avenue Road,Mosman,2088,Apartment,1,1,1,,730000.0,2026-09-12,Private treaty,domain.com.au,https://www.domain.com.au/sold-listings/mosman-nsw-2088/,2,1.0,0,0.0,0.0,1,3.58,0,917774.7927138343,187774.79271383432,187774.79271383432,25.722574344360865
7/10 Muston Street,Mosman,2088,Apartment,1,1,0,,750000.0,2026-09-08,Private treaty,domain.com.au,https://www.domain.com.au/sold-listings/mosman-nsw-2088/,2,1.0,0,0.0,0.0,0,3.45,0,876453.4155414262,126453.41554142616,126453.41554142616,16.86045540552349
13/5 The Esplanade,Mosman,2088,Apartment,1,1,0,,1450000.0,2026-09-03,Sold prior to auction,domain.com.au,https://www.domain.com.au/sold-listings/mosman-nsw-2088/,2,1.0,0,0.0,0.0,0,3.29,1,710634.0795165511,-739365.9204834489,739365.9204834489,-50.990753136789586
7/154 Raglan Street,Mosman,2088,Apartment,1,1,1,,785000.0,2026-07-14,Private treaty,domain.com.au,https://www.domain.com.au/sold-listings/mosman-nsw-2088/?page=4,2,1.0,0,0.0,0.0,1,1.61,0,917774.7927138343,132774.79271383432,132774.79271383432,16.913986332972527
1/128-130 Avenue Road,Mosman,2088,Apartment,2,1,1,,1415000.0,2026-07-14,Auction,domain.com.au,https://www.domain.com.au/sold-listings/mosman-nsw-2088/?page=4,3,0.5,0,0.0,0.0,1,1.61,1,1251833.3809604459,-163166.61903955415,163166.61903955415,-11.531209826116902
8/6 Punch Street,Mosman,2088,Apartment,1,1,0,,700000.0,2026-07-09,Sold prior to auction,domain.com.au,https://www.domain.com.au/sold-listings/mosman-nsw-2088/?page=4,2,1.0,0,0.0,0.0,0,1.45,1,890505.7650367266,190505.7650367266,190505.7650367266,27.215109290960942
13/6 McLeod Street,Mosman,2088,Apartment,1,1,0,,762000.0,2026-07-09,Private treaty,domain.com.au,https://www.domain.com.au/sold-listings/mosman-nsw-2088/?page=4,2,1.0,0,0.0,0.0,0,1.45,0,710634.0795165511,-51365.92048344889,51365.92048344889,-6.740934446646837
20/96 Ourimbah Road,Mosman,2088,Apartment,2,1,1,,1030000.0,2026-07-07,Sold prior to auction,domain.com.au,https://www.domain.com.au/sold-listings/mosman-nsw-2088/?page=4,3,0.5,0,0.0,0.0,1,1.38,1,1252109.7372753203,222109.73727532034,222109.73727532034,21.56405216265246
4/125 Raglan Street,Mosman,2088,Apartment,2,1,0,,990000.0,2026-07-07,Sold prior to auction,domain.com.au,https://www.domain.com.au/sold-listings/mosman-nsw-2088/?page=4,3,0.5,0,0.0,0.0,0,1.38,1,1093392.7302644076,103392.73026440758,103392.73026440758,10.443710127717937
22/43 Musgrave Street,Mosman,2088,Apartment,2,1,1,,1310000.0,2026-07-03,Private treaty,domain.com.au,https://www.domain.com.au/sold-listings/mosman-nsw-2088/?page=4,3,0.5,0,0.0,0.0,1,1.25,0,1305457.8824776274,-4542.117522372631,4542.117522372631,-0.3467265284253917
22/96 Ourimbah Road,Mosman,2088,Apartment,2,1,1,,1025000.0,2026-07-03,Private treaty,domain.com.au,https://www.domain.com.au/sold-listings/mosman-nsw-2088/?page=4,3,0.5,0,0.0,0.0,1,1.25,0,1305457.8824776274,280457.88247762737,280457.88247762737,27.361744631963646
3 Gordon Street,Mosman,2088,House,5,2,2,490.0,7650000.0,2026-07-02,Sold prior to auction,domain.com.au,https://www.domain.com.au/sold-listings/mosman-nsw-2088/?page=4,7,0.4,1,6.19644412779452,98.0,1,1.22,1,3935664.597006841,-3714335.402993159,3714335.402993159,-48.55340396069489
67 Cowles Road,Mosman,2088,House,4,2,0,,3225000.0,2026-07-02,Sold prior to auction,domain.com.au,https://www.domain.com.au/sold-listings/mosman-nsw-2088/?page=4,6,0.5,0,0.0,0.0,0,1.22,1,3415696.3666804964,190696.36668049637,190696.36668049637,5.913065633503764
36 Lang Street,Mosman,2088,House,3,2,1,260.0,2865000.0,2026-07-02,Sold prior to auction,domain.com.au,https://www.domain.com.au/sold-listings/mosman-nsw-2088/?page=4,5,0.6666666666666666,1,5.564520407322694,86.66666666666667,1,1.22,1,2861246.5626231716,-3753.4373768283986,3753.4373768283986,-0.13101003060483066
21 Morella Road,Mosman,2088,House,4,4,2,,11650000.0,2026-07-01,Private treaty,domain.com.au,https://www.domain.com.au/sold-listings/mosman-nsw-2088/?page=4,8,1.0,0,0.0,0.0,1,1.18,0,5040231.496015916,-6609768.503984084,6609768.503984084,-56.73621033462733
31/2B Brady Street,Mosman,2088,Apartment,3,2,2,,1925000.0,2026-06-29,Private treaty,domain.com.au,https://www.domain.com.au/sold-listings/mosman-nsw-2088/?page=4,5,0.6666666666666666,0,0.0,0.0,1,1.12,0,3119283.4562229966,1194283.4562229966,1194283.4562229966,62.04069902457125
9/6 Avenue Road,Mosman,2088,Apartment,0,1,1,,610000.0,2026-06-26,Private treaty,domain.com.au,https://www.domain.com.au/sold-listings/mosman-nsw-2088/?page=4,1,1.0,0,0.0,0.0,1,1.02,0,651952.4353720739,41952.4353720739,41952.4353720739,6.87744842165146
2/60A Raglan Street,Mosman,2088,Apartment,2,1,1,,1175000.0,2026-06-26,Private treaty,domain.com.au,https://www.domain.com.au/sold-listings/mosman-nsw-2088/?page=4,3,0.5,0,0.0,0.0,1,1.02,0,1252109.7372753203,77109.73727532034,77109.73727532034,6.562530831942157
2/81A Glover Street,Mosman,2088,Apartment,2,2,1,,1440000.0,2026-06-25,Private treaty,domain.com.au,https://www.domain.com.au/sold-listings/mosman-nsw-2088/?page=4,4,1.0,0,0.0,0.0,1,0.99,0,1405619.4359093925,-34380.564090607455,34380.564090607455,-2.387539172958851
3/13 Wyong Road,Mosman,2088,Apartment,2,2,1,,1750000.0,2026-06-22,Sold prior to auction,domain.com.au,https://www.domain.com.au/sold-listings/mosman-nsw-2088/?page=5,4,1.0,0,0.0,0.0,1,0.89,1,1411659.8582236448,-338340.1417763552,338340.1417763552,-19.3337223872203
17 Avenue Road,Mosman,2088,House,5,3,2,,5450000.0,2026-06-19,Private treaty,domain.com.au,https://www.domain.com.au/sold-listings/mosman-nsw-2088/?page=5,8,0.6,0,0.0,0.0,1,0.79,0,8504901.125863258,3054901.125863258,3054901.125863258,56.053231667215734
5 Central Avenue,Mosman,2088,House,5,4,2,607.0,6399000.0,2026-06-19,Private treaty,domain.com.au,https://www.domain.com.au/sold-listings/mosman-nsw-2088/?page=5,9,0.8,1,6.410174881966167,121.4,1,0.79,0,6760110.684650766,361110.68465076573,361110.68465076573,5.643236203324984
8/4 Esther Road,Mosman,2088,Apartment,2,1,1,,1560000.0,2026-06-19,Auction,domain.com.au,https://www.domain.com.au/sold-listings/mosman-nsw-2088/?page=5,3,0.5,0,0.0,0.0,1,0.79,1,1251833.3809604459,-308166.61903955415,308166.61903955415,-19.754270451253472
2/63 Muston Street,Mosman,2088,Apartment,4,3,3,,6000000.0,2026-06-18,Private treaty,domain.com.au,https://www.domain.com.au/sold-listings/mosman-nsw-2088/?page=5,7,0.75,0,0.0,0.0,1,0.76,0,3072035.912073242,-2927964.087926758,2927964.087926758,-48.79940146544597
2/184 Raglan Street,Mosman,2088,Apartment,2,1,1,,1237500.0,2026-06-17,Private treaty,domain.com.au,https://www.domain.com.au/sold-listings/mosman-nsw-2088/?page=5,3,0.5,0,0.0,0.0,1,0.72,0,1295768.4906347722,58268.49063477223,58268.49063477223,4.708564899779574
5B/699 Military Road,Mosman,2088,Apartment,2,1,1,,1450000.0,2026-06-17,Sold prior to auction,domain.com.au,https://www.domain.com.au/sold-listings/mosman-nsw-2088/?page=5,3,0.5,0,0.0,0.0,1,0.72,1,1252109.7372753203,-197890.26272467966,197890.26272467966,-13.647604325839977
15/3 Belmont Road,Mosman,2088,Apartment,2,2,1,,1760000.0,2026-06-12,Sold prior to auction,domain.com.au,https://www.domain.com.au/sold-listings/mosman-nsw-2088/?page=5,4,1.0,0,0.0,0.0,1,0.56,1,1405619.4359093925,-354380.56409060746,354380.56409060746,-20.13525932332997
16/5 The Esplanade,Mosman,2088,Apartment,1,1,1,,1570000.0,2026-06-06,Auction,domain.com.au,https://www.domain.com.au/sold-listings/mosman-nsw-2088/?page=5,2,1.0,0,0.0,0.0,1,0.36,1,917774.7927138343,-652225.2072861657,652225.2072861657,-41.543006833513736
1/10 Lang Street,Mosman,2088,House,4,2,1,,3200000.0,2026-06-06,Private treaty,domain.com.au,https://www.domain.com.au/sold-listings/mosman-nsw-2088/?page=5,6,0.5,0,0.0,0.0,1,0.36,0,4975258.462361144,1775258.462361144,1775258.462361144,55.47682694878574
14 Almora Street,Mosman,2088,House,3,3,2,,5025000.0,2026-06-06,Auction,domain.com.au,https://www.domain.com.au/sold-listings/mosman-nsw-2088/?page=5,6,1.0,0,0.0,0.0,1,0.36,1,4808382.5690873405,-216617.4309126595,216617.4309126595,-4.31079464502805
1/30 Hale Road,Mosman,2088,Townhouse,3,2,2,,2180000.0,2026-06-05,Private treaty,domain.com.au,https://www.domain.com.au/sold-listings/mosman-nsw-2088/?page=5,5,0.6666666666666666,0,0.0,0.0,1,0.33,0,2614111.5623994856,434111.5623994856,434111.5623994856,19.913374421994753
2 Morella Road,Mosman,2088,House,5,4,4,594.0,7360000.0,2026-06-05,Private treaty,domain.com.au,https://www.domain.com.au/sold-listings/mosman-nsw-2088/?page=5,9,0.8,1,6.38856140554563,118.8,1,0.33,0,7097973.628635219,-262026.3713647807,262026.3713647807,-3.5601409152823464
21/96 Ourimbah Road,Mosman,2088,Apartment,2,1,1,,900000.0,2026-06-05,Private treaty,domain.com.au,https://www.domain.com.au/sold-listings/mosman-nsw-2088/?page=5,3,0.5,0,0.0,0.0,1,0.33,0,1337034.9241892032,437034.9241892032,437034.9241892032,48.55943602102257
105 Holt Avenue,Mosman,2088,House,4,3,0,,3550000.0,2026-06-05,Sold prior to auction,domain.com.au,https://www.domain.com.au/sold-listings/mosman-nsw-2088/?page=5,7,0.75,0,0.0,0.0,0,0.33,1,3973081.536416688,423081.536416688,423081.536416688,11.917789758216562
10/116 Belmont Road,Mosman,2088,Townhouse,3,2,2,,2380000.0,2026-06-05,Private treaty,domain.com.au,https://www.domain.com.au/sold-listings/mosman-nsw-2088/?page=6,5,0.6666666666666666,0,0.0,0.0,1,0.33,0,2495636.5766423354,115636.57664233539,115636.57664233539,4.858679690854428
9/238 Raglan Street,Mosman,2088,Apartment,2,1,1,,1590000.0,2026-06-04,Auction,domain.com.au,https://www.domain.com.au/sold-listings/mosman-nsw-2088/?page=6,3,0.5,0,0.0,0.0,1,0.3,1,1251833.3809604459,-338166.61903955415,338166.61903955415,-21.268340820097745
10/1 Hampden Street,Mosman,2088,Apartment,1,1,1,,825000.0,2026-06-04,Sold prior to auction,domain.com.au,https://www.domain.com.au/sold-listings/mosman-nsw-2088/?page=6,2,1.0,0,0.0,0.0,1,0.3,1,976822.2953610802,151822.2953610802,151822.2953610802,18.40270246800972
13/17-23 Heydon Street,Mosman,2088,Apartment,2,1,1,,1360000.0,2026-06-04,Private treaty,domain.com.au,https://www.domain.com.au/sold-listings/mosman-nsw-2088/?page=6,3,0.5,0,0.0,0.0,1,0.3,0,1337034.9241892032,-22965.075810796814,22965.075810796814,-1.6886085154997656
11 Euryalus Street,Mosman,2088,House,6,4,3,879.0,7260000.0,2026-06-04,Sold prior to auction,domain.com.au,https://www.domain.com.au/sold-listings/mosman-nsw-2088/?page=6,10,0.6666666666666666,1,6.779921907472252,146.5,1,0.3,1,7349738.460256905,89738.4602569053,89738.4602569053,1.2360669456874007
3/1A Oswald Street,Mosman,2088,Apartment,2,1,0,,1140000.0,2026-06-04,Private treaty,domain.com.au,https://www.domain.com.au/sold-listings/mosman-nsw-2088/?page=6,3,0.5,0,0.0,0.0,0,0.3,0,1000947.2499774593,-139052.75002254068,139052.75002254068,-12.197609651100061
96 Glover Street,Mosman,2088,House,4,3,2,379.0,3390000.0,2026-06-02,Auction,domain.com.au,https://www.domain.com.au/sold-listings/mosman-nsw-2088/?page=6,7,0.75,1,5.940171252720432,94.75,1,0.23,1,7071211.519917097,3681211.519917097,3681211.519917097,108.59031032203826
17/22 Mosman Street,Mosman,2088,Apartment,1,1,1,,827000.0,2026-06-01,Sold prior to auction,domain.com.au,https://www.domain.com.au/sold-listings/mosman-nsw-2088/?page=6,2,1.0,0,0.0,0.0,1,0.2,1,917774.7927138343,90774.79271383432,90774.79271383432,10.976395733232687
14 Calypso Avenue,Mosman,2088,House,4,2,2,,4820000.0,2026-05-30,Auction,domain.com.au,https://www.domain.com.au/sold-listings/mosman-nsw-2088/?page=6,6,0.5,0,0.0,0.0,1,0.13,1,4658325.2219098415,-161674.77809015848,161674.77809015848,-3.354248508094574
6/800 Military Road,Mosman,2088,Townhouse,3,2,2,,2725000.0,2026-05-29,Private treaty,domain.com.au,https://www.domain.com.au/sold-listings/mosman-nsw-2088/?page=6,5,0.6666666666666666,0,0.0,0.0,1,0.1,0,2614111.5623994856,-110888.43760051439,110888.43760051439,-4.069300462404198
28/9 Mandolong Road,Mosman,2088,Apartment,1,1,0,,800000.0,2026-05-29,Private treaty,domain.com.au,https://www.domain.com.au/sold-listings/mosman-nsw-2088/?page=6,2,1.0,0,0.0,0.0,0,0.1,0,710634.0795165511,-89365.92048344889,89365.92048344889,-11.170740060431113
4/2 Ida Avenue,Mosman,2088,Apartment,3,2,2,,4000000.0,2026-05-29,Private treaty,domain.com.au,https://www.domain.com.au/sold-listings/mosman-nsw-2088/?page=6,5,0.6666666666666666,0,0.0,0.0,1,0.1,0,2072148.5544154684,-1927851.4455845316,1927851.4455845316,-48.19628613961329
1/31 Musgrave Street,Mosman,2088,Apartment,2,1,1,,2250000.0,2026-05-29,Sold prior to auction,domain.com.au,https://www.domain.com.au/sold-listings/mosman-nsw-2088/?page=6,3,0.5,0,0.0,0.0,1,0.1,1,1252109.7372753203,-997890.2627246797,997890.2627246797,-44.350678343319096
2/182 Raglan Street,Mosman,2088,Apartment,2,1,1,,1275000.0,2026-05-29,Sold prior to auction,domain.com.au,https://www.domain.com.au/sold-listings/mosman-nsw-2088/?page=6,3,0.5,0,0.0,0.0,1,0.1,1,1305457.8824776274,30457.88247762737,30457.88247762737,2.3888535276570484
1 Bradleys Head Road,Mosman,2088,House,5,3,3,894.0,9400000.0,2026-05-28,Sold prior to auction,domain.com.au,https://www.domain.com.au/sold-listings/mosman-nsw-2088/?page=6,8,0.6,1,6.796823718274855,178.8,1,0.07,1,5953911.542075127,-3446088.4579248726,3446088.4579248726,-36.66051550983907
200 Spit Road,Mosman,2088,House,3,1,2,505.0,3350000.0,2026-05-27,Sold prior to auction,domain.com.au,https://www.domain.com.au/sold-listings/mosman-nsw-2088/?page=6,4,0.3333333333333333,1,6.226536669287466,168.33333333333334,1,0.03,1,2515570.9079451007,-834429.0920548993,834429.0920548993,-24.9083311061164
12/22 Warringah Road,Mosman,2088,Apartment,1,1,1,,1030000.0,2026-05-26,Private treaty,domain.com.au,https://www.domain.com.au/sold-listings/mosman-nsw-2088/?page=6,2,1.0,0,0.0,0.0,1,0.0,0,917774.7927138343,-112225.20728616568,112225.20728616568,-10.895651192831618
